X,Y,Z,Lithology,CU_pct,AU_gpt,DENSITY
445741.321377,494080.282016,2940.653881,Basalt,,0.56,2.54
445657.852792,494526.831615,2889.071072,Quartz Vein,,16.74,2.82
445347.213601,494266.24716,2899.830009,Quartz Vein,,15.84,2.73
445807.711483,494068.737683,3085.082119,Andesite,,0.34,2.45
445540.661198,494159.919483,3007.400611,Chlorite Alteration,3.69,7.85,2.6
445606.281944,494146.587415,2979.105041,Sericite Alteration,,3.06,2.42
445462.496018,494084.44302,3086.853742,Quartz Vein,5.43,14.44,3.05
445412.771979,494214.542276,2960.11806,Quartz Vein,,17.94,3.04
445371.539852,494335.936077,2910.744217,Quartz Vein,,13.0,2.73
445556.168119,494523.671355,2925.118328,Sericite Alteration,3.97,9.73,2.88
445736.839089,494233.054453,2975.563589,Basalt,,0.33,2.24
445772.659162,494181.76353,3060.520294,Basalt,,0.25,2.4
445659.584637,494492.448243,2827.979576,Sericite Alteration,,5.41,2.64
445248.312261,493941.20518,3156.482987,Granodiorite,1.15,1.16,2.34
445411.0159,494241.195728,2945.992914,Quartz Vein,7.11,17.33,2.82
445532.729411,493894.662004,2988.237178,Rhyolite,,2.74,2.36
445655.728872,494521.169636,2836.066267,Chlorite Alteration,3.03,6.87,2.72
445694.078314,494487.777243,2947.226378,Quartz Vein,,12.58,2.85
445433.681555,494089.613023,3115.223927,Quartz Vein,,12.15,2.96
445670.092359,494574.657017,2903.603632,Quartz Vein,,14.48,3.04
445421.863961,494125.654029,3092.744529,Quartz Vein,6.39,12.72,2.8
445781.166521,494706.616688,3033.398436,Basalt,,0.15,2.28
445714.697641,494110.287475,3041.853689,Andesite,,0.69,2.29
445290.826552,494369.191215,2880.750351,Sericite Alteration,,9.21,2.7
445441.255113,494283.343912,2991.895968,Quartz Vein,,12.47,2.89
445702.522524,494058.128479,3030.351524,Basalt,,1.07,2.29
445249.557041,494283.724144,2898.992502,Quartz Vein,,17.17,3.1
445338.653006,494277.285658,2951.348332,Quartz Vein,7.66,23.64,3.1
445203.96239,494189.663011,2949.43181,Quartz Vein,,19.76,2.94
445226.701162,494213.6746,2999.587578,Quartz Vein,,20.11,3.25
445405.557419,494107.956159,2992.122236,Quartz Vein,,18.04,2.92
445188.299127,494624.571834,3022.843169,Andesite,1.75,0.34,2.5
445877.288071,494173.652453,3056.183432,Granodiorite,0.32,0.04,2.23
445487.383089,494071.582333,2898.782946,Sericite Alteration,,4.15,2.45
445248.876852,494092.425857,3117.820631,Chlorite Alteration,2.73,3.57,2.57
445262.878145,494243.862617,3062.97749,Chlorite Alteration,3.98,10.15,2.65
445139.322345,494287.473465,2914.309218,Quartz Vein,,11.6,2.53
445586.534238,494098.224641,3053.861282,Chlorite Alteration,3.68,6.58,2.73
445432.405581,493948.067051,3129.933869,Sericite Alteration,,6.54,2.86
445238.97758,494243.308404,2889.469139,Quartz Vein,,15.01,2.98
445491.584623,494025.672707,3121.744578,Sericite Alteration,,10.85,2.78
445650.78941,494140.274989,3065.579968,Rhyolite,1.54,1.97,2.43
445631.678185,494591.028383,2863.206323,Chlorite Alteration,,9.91,2.59
445646.664343,494506.180371,2858.734515,Quartz Vein,4.84,11.13,2.84
445847.287745,494174.756658,3104.036807,Basalt,,0.11,2.75
445737.195303,494431.584263,2892.942357,Chlorite Alteration,,8.07,2.82
445261.573635,494181.104805,3081.003505,Chlorite Alteration,,7.55,2.65
445689.662297,494219.056628,3057.039177,Andesite,1.16,0.59,2.45
445600.745216,494553.410561,2889.570056,Quartz Vein,,12.93,2.77
445220.816967,494218.846829,2842.653028,Sericite Alteration,,6.05,2.6
445976.119625,494517.502072,3075.476922,Granodiorite,,0.14,2.12
445160.861201,494209.828783,2942.419529,Quartz Vein,,15.95,2.97
445572.307033,494476.159108,2871.845484,Sericite Alteration,,8.24,2.57
445239.381218,494156.352073,2961.339491,Quartz Vein,7.94,20.06,3.27
445306.614134,494378.288893,3007.532599,Quartz Vein,,13.16,2.91
445349.659289,494187.5391,2947.258856,Quartz Vein,,21.93,3.2
445328.772385,494170.2763,2974.482785,Quartz Vein,8.19,23.06,3.1
445195.075984,494103.555233,2840.656269,Chlorite Alteration,,2.99,2.55
445602.755645,494450.432227,2901.377813,Quartz Vein,4.39,11.38,2.94
445689.943214,494523.159565,2841.870431,Sericite Alteration,3.39,7.49,2.63
445621.553169,494427.311145,2906.257598,Chlorite Alteration,4.03,10.59,2.64
445964.644644,494254.080523,2949.155347,Basalt,,0.11,2.48
445733.947365,494115.911982,3020.119691,Rhyolite,,0.51,2.29
445354.790673,493992.693958,3055.142256,Sericite Alteration,,10.45,2.67
445522.674111,494073.162533,3071.383861,Quartz Vein,,12.03,2.99
445257.461768,494079.848213,2949.961443,Quartz Vein,5.54,12.79,2.82
445298.419514,494086.304873,3035.992501,Quartz Vein,4.94,13.62,2.97
445539.404132,494579.017701,2885.117126,Chlorite Alteration,,6.75,2.64
445402.410073,493979.183063,3225.377914,Granodiorite,,1.69,2.46
445438.830359,494038.82137,3065.748902,Quartz Vein,6.32,16.16,2.9
445337.558501,494009.598266,3028.5241,Quartz Vein,,10.98,2.9
445840.565414,494552.975132,2964.105569,Granodiorite,,1.41,2.25
445738.302349,494167.924737,3032.547095,Andesite,,0.48,2.46
445861.674231,494155.752386,3036.568309,Basalt,,0.56,2.35
445617.034695,494538.386923,2949.950964,Quartz Vein,,12.69,2.87
445262.864731,494226.009653,2920.21827,Quartz Vein,,21.78,3.02
445397.524449,494103.231354,3017.643867,Quartz Vein,6.52,18.21,3.02
445130.682385,494280.582545,2928.980632,Quartz Vein,,12.08,2.89
445539.084848,494100.784146,3121.613721,Chlorite Alteration,3.28,7.46,2.71
445567.454043,493998.949021,3033.699059,Chlorite Alteration,,6.51,2.7
445771.554321,494171.164665,3006.675684,Basalt,,0.38,2.38
445742.913881,494211.479865,2971.847477,Andesite,0.62,0.4,2.35
445392.810647,494254.086761,2877.892629,Sericite Alteration,,9.5,2.78
445695.488882,494532.181093,2945.147339,Quartz Vein,5.17,14.83,2.76
445588.459825,494074.939742,2851.982217,Basalt,,1.7,2.4
445791.653614,494125.521202,3062.27706,Granodiorite,0.59,0.24,2.45
445325.621015,494173.532086,2897.074393,Quartz Vein,,14.78,2.76
445514.383642,494008.081856,3130.237776,Sericite Alteration,,8.01,3.05
445850.167388,494222.011417,2988.043743,Basalt,,0.63,2.66
445557.087483,494512.524693,2947.489715,Sericite Alteration,,8.22,2.84
445333.56111,494319.047441,2889.234895,Quartz Vein,,12.78,2.85
445837.59027,494331.791169,2911.766414,Andesite,,0.69,2.37
445804.462337,494495.294136,2899.254707,Chlorite Alteration,,4.68,2.7
445648.748534,494504.702198,2943.934255,Quartz Vein,,14.65,3.15
445352.462954,494020.025332,3111.221374,Sericite Alteration,5.92,8.58,2.71
445795.450707,494514.649553,2855.542749,Sericite Alteration,,3.4,2.42
445684.662434,494575.947107,2858.133871,Sericite Alteration,,8.76,2.82
445667.138188,494517.480962,2949.240902,Quartz Vein,,13.66,3.0
445818.070655,494410.796681,2927.982354,Rhyolite,,1.83,2.57
445425.288103,494008.142556,3135.332181,Chlorite Alteration,,9.07,2.44
445787.153182,494566.710015,2864.410737,Sericite Alteration,,4.32,2.56
445591.571758,494547.063517,2998.766113,Sericite Alteration,,3.75,2.52
445351.366266,494191.707651,2895.328666,Quartz Vein,,14.19,2.78
445259.201516,494225.299865,2945.277971,Quartz Vein,,24.59,3.16
445446.768017,494290.431208,2958.063954,Quartz Vein,,13.74,2.83
445669.676449,494483.808085,2912.484652,Quartz Vein,6.09,16.27,3.03
445414.856073,494173.143724,3070.370406,Quartz Vein,4.98,12.8,3.0
445739.420548,494244.434594,2961.891931,Andesite,,0.72,2.59
445271.60634,494263.495046,2884.813925,Quartz Vein,,14.47,3.19
445652.401458,494521.96055,2941.704326,Quartz Vein,,15.04,2.87
445651.569194,494437.519762,2850.906163,Sericite Alteration,3.07,6.8,2.69
445690.515389,494401.114262,2978.481218,Sericite Alteration,,3.5,2.66
445416.327454,494221.841007,3024.360033,Quartz Vein,,15.03,2.89
445727.899213,494238.756625,2932.153468,Rhyolite,,0.31,2.4
445491.188673,494118.462528,3071.368766,Quartz Vein,,12.61,2.82
445634.984346,494515.3502,2982.043419,Sericite Alteration,3.32,7.18,2.67
445915.781041,494105.474935,2960.113366,Andesite,,0.24,2.54
445736.166803,494515.495579,2911.942873,Quartz Vein,6.47,12.33,2.84
445669.348085,494543.183186,2914.148141,Quartz Vein,6.6,16.91,2.75
445087.136309,494402.914804,3053.322148,Basalt,,2.37,2.28
445159.550277,494316.453074,2918.405375,Quartz Vein,,12.61,3.04
445800.484006,494450.424955,3058.579198,Rhyolite,,0.18,2.52
445703.456019,494512.113439,2890.554429,Quartz Vein,5.61,14.75,3.04
445342.466153,494089.390873,2943.021755,Quartz Vein,,14.83,2.89
445777.125751,494559.852827,2822.518549,Granodiorite,,2.49,2.46
445381.70406,494506.88487,3063.646477,Basalt,,1.25,2.48
445794.879558,494139.192234,3017.157843,Basalt,,0.37,2.52
445220.858066,494390.826635,2995.728529,Quartz Vein,,11.7,2.8
445380.961007,494249.104492,2903.029531,Quartz Vein,5.53,14.59,2.91
445382.522665,494540.625634,2886.581923,Basalt,1.37,1.42,2.58
445187.016845,494208.884037,3002.352388,Quartz Vein,,16.45,2.88
445362.074768,494175.530706,2852.202937,Sericite Alteration,,6.28,2.68
445706.765189,494522.417958,2880.625024,Quartz Vein,5.01,13.81,2.96
445445.224207,494075.952871,3129.559444,Sericite Alteration,4.19,10.65,2.57
445530.5584,494576.397786,2862.745789,Chlorite Alteration,,3.82,2.35
445144.21865,494308.113132,3001.626776,Quartz Vein,4.83,11.68,
445435.404166,494145.415915,3105.771112,Chlorite Alteration,,10.32,2.78
445896.658638,494190.856433,3069.965374,Andesite,,0.08,2.42
445756.254163,494518.805519,2904.715088,Sericite Alteration,,11.26,2.91
445380.280507,494220.336845,2960.632439,Quartz Vein,,21.18,2.89
445402.889918,494233.554244,2907.743658,Quartz Vein,5.4,13.58,2.84
445606.150476,494416.718951,3037.105643,Basalt,,1.15,2.58
445665.680369,494533.036918,3013.238667,Chlorite Alteration,,3.24,2.91
445655.072991,494273.14469,2988.556852,Rhyolite,,1.57,2.35
445880.108658,494286.86612,2853.475626,Basalt,,0.34,2.57
445642.679703,494448.14238,2865.678735,Sericite Alteration,4.04,9.13,2.91
445230.357082,494243.660752,2934.727666,Quartz Vein,,22.41,3.18
445654.407875,494574.603087,2911.220336,Quartz Vein,,15.08,3.02
445413.638014,494331.775709,3055.53043,Chlorite Alteration,2.88,6.29,2.77
445709.748903,494317.591472,2945.432882,Andesite,,1.91,2.44
445208.41935,494240.516825,2935.88891,Quartz Vein,,21.1,3.02
445273.464729,494227.413219,2942.808777,Quartz Vein,,24.87,3.16
445228.566603,494266.551732,2977.538374,Quartz Vein,,22.84,3.19
445350.490169,494157.98551,2997.146005,Quartz Vein,7.32,21.12,3.15
445776.954404,494120.367149,2949.527962,Andesite,0.37,0.3,2.42
445225.482706,493929.264324,3140.105037,Andesite,0.83,0.84,2.36
445932.626984,494231.642379,2976.28403,Basalt,,0.11,2.69
445716.885205,494442.367855,2879.142165,Chlorite Alteration,,8.88,2.95
445295.792462,494034.891706,3063.108667,Chlorite Alteration,,8.42,2.6
445310.845653,494104.956958,2956.792583,Quartz Vein,,17.16,3.04
445830.081535,494216.800113,3083.342207,Granodiorite,0.71,0.19,2.2
445730.70811,494244.818783,3023.474317,Granodiorite,,0.37,2.52
445658.820503,494449.982101,2987.982166,Chlorite Alteration,,5.45,2.8
445372.201849,494311.143258,2893.926981,Quartz Vein,,12.57,2.72
445264.80116,494242.081874,3051.419773,Quartz Vein,,12.9,2.93
445766.376334,494196.114017,2962.692002,Rhyolite,0.6,0.16,2.5
445688.674071,494526.608467,2931.762049,Quartz Vein,,15.57,3.1
445517.371941,494172.379742,3060.827895,Chlorite Alteration,,8.56,2.82
445448.418328,494094.801704,3132.104132,Sericite Alteration,,9.9,2.7
445262.850187,494260.078247,2934.337491,Quartz Vein,,23.77,2.98
445687.16156,494471.218278,2886.991724,Quartz Vein,,13.43,2.98
445141.855245,494269.880696,2890.948118,Sericite Alteration,4.32,9.28,2.67
445668.093678,494382.080124,2924.217162,Sericite Alteration,,5.73,2.41
445464.168759,494201.682512,3058.27722,Sericite Alteration,,9.99,2.67
445474.751555,493967.331,3099.350007,Sericite Alteration,,9.87,3.07
445453.87221,494382.165899,3054.27903,Sericite Alteration,2.07,3.69,2.55
445463.167107,494592.637708,2888.609877,Andesite,,1.64,2.62
445381.557857,494107.469073,2984.458252,Quartz Vein,,18.47,2.95
445788.559436,494467.777917,2864.754052,Chlorite Alteration,2.24,3.84,2.58
445290.507298,494283.453066,2974.282287,Quartz Vein,,24.46,3.1
445717.975726,494322.342272,2911.308135,Rhyolite,,1.73,2.32
445911.12437,494593.594044,2890.348426,Rhyolite,,0.61,2.44
445727.334275,494219.191081,2982.309895,Andesite,,0.32,2.22
445359.966708,494200.679601,3049.521552,Quartz Vein,5.31,14.59,2.8
445429.481795,494031.300868,3109.9834,Quartz Vein,,12.46,2.96
445698.137419,494543.517252,2925.819151,Quartz Vein,6.53,14.88,2.96
445226.570649,494134.482301,3063.204864,Chlorite Alteration,,7.84,2.56
445335.732036,494064.588666,3134.588092,Sericite Alteration,,6.75,2.74
445385.213493,494206.226755,2973.728681,Quartz Vein,7.29,21.3,3.05
445321.879159,494137.436794,3035.971351,Quartz Vein,,16.64,2.91
445692.721815,494183.894397,2946.734945,Granodiorite,0.48,0.66,2.5
445606.961762,494387.1077,2958.094204,Sericite Alteration,,4.71,2.43
445343.233832,494180.321001,2990.94667,Quartz Vein,7.66,22.41,3.15
445549.618486,494457.78997,2981.641453,Sericite Alteration,2.85,4.35,2.83
445819.090823,494610.365593,3107.610659,Andesite,,0.16,2.41
445442.422645,494011.129527,3116.171221,Quartz Vein,,11.23,2.77
445364.294058,494198.839614,2870.201184,Chlorite Alteration,,9.31,2.68
445833.85438,494408.712537,2917.111554,Granodiorite,,2.07,2.53
445280.009006,494241.323495,2946.710444,Quartz Vein,8.23,25.37,3.1
445645.690794,494505.415914,2876.874862,Quartz Vein,,14.81,3.02
445834.409856,494375.663744,2908.055472,Basalt,0.67,0.84,2.39
445385.859931,494275.943507,2979.486405,Quartz Vein,,19.15,2.9
445354.040113,494281.041863,2967.920797,Quartz Vein,,21.93,2.96
445415.363148,494319.595568,3072.302413,Chlorite Alteration,,5.33,2.56
445409.413322,493995.212165,3086.890121,Quartz Vein,,11.91,2.89
445439.964613,493987.644988,3088.420781,Quartz Vein,,11.83,2.64
445264.609826,494154.303245,2969.355617,Quartz Vein,,21.2,2.93
445397.191748,494212.218789,2982.548292,Quartz Vein,,20.24,3.08
445222.007219,494068.164631,3080.978836,Chlorite Alteration,,4.41,2.54
445203.037241,494197.914118,2908.893494,Quartz Vein,,16.28,2.64
445709.665805,494162.139703,3028.701035,Basalt,,0.63,2.48
445676.023385,494181.962241,2976.543986,Andesite,,0.91,2.34
445492.044475,494090.087956,3020.972282,Quartz Vein,,13.72,2.86
445620.136656,494550.686943,2869.615672,Quartz Vein,,11.72,2.79
445644.359661,494519.718033,2920.758041,Quartz Vein,,17.52,3.13
446001.002183,494459.116277,2925.479525,Andesite,,0.17,2.53
445231.292258,494264.948253,2956.527948,Quartz Vein,,23.88,3.02
445709.676506,494137.406509,3015.848004,Basalt,,0.57,2.44
445457.690311,493987.912223,3079.985445,Quartz Vein,4.63,12.17,2.74
445684.816643,494532.591828,2858.066256,Sericite Alteration,,10.6,2.71
445554.655322,494059.471552,3026.910555,Sericite Alteration,,8.72,2.62
445356.162027,494136.58238,2964.749418,Quartz Vein,,20.13,3.07
445375.844427,494078.75638,3063.014182,Quartz Vein,6.82,15.64,2.91
445645.793325,493968.489509,3104.585781,Andesite,1.25,2.04,2.61
445226.767625,494264.914827,3003.307097,Quartz Vein,8.95,19.93,2.97
445184.7019,494248.003001,2914.534736,Quartz Vein,,16.57,2.95
445460.862745,493977.011424,3107.610031,Chlorite Alteration,,9.99,2.73
445485.033383,494779.341074,3047.340205,Basalt,0.29,0.3,2.44
445214.849757,494282.226939,2926.085,Quartz Vein,7.41,19.78,3.17
445402.443197,494130.013272,3066.376564,Quartz Vein,,14.97,2.99
445723.191628,494046.014505,3013.754699,Granodiorite,,0.55,2.57
445083.83528,494259.692028,2906.043284,Sericite Alteration,3.42,6.61,2.53
445230.696911,494602.633719,3035.394118,Andesite,,0.77,2.4
445170.02229,494180.290847,2963.963764,Quartz Vein,,16.25,3.08
445309.008745,494137.413323,3061.041172,Quartz Vein,5.25,12.33,2.93
445262.550498,494138.35813,3003.841626,Quartz Vein,,17.69,2.95
445727.489359,494587.923335,2829.229809,Sericite Alteration,,3.32,2.5
445384.788434,494122.603123,3074.899287,Quartz Vein,,13.97,3.0
445254.762872,494074.186125,3007.357909,Quartz Vein,4.51,11.59,2.67
445224.562198,494235.016801,2986.691508,Quartz Vein,,21.94,3.04
445380.715092,494256.793238,2902.346982,Quartz Vein,,14.47,2.88
445598.178887,494492.208412,2827.177731,Sericite Alteration,,4.57,2.54
445230.463907,494174.188934,3004.117987,Quartz Vein,,18.02,3.07
445217.472827,494217.115448,2950.270339,Quartz Vein,,22.67,3.12
445705.934797,494101.01454,2988.486159,Andesite,0.91,1.4,2.35
445318.0608,494287.214398,3014.89989,Quartz Vein,6.91,18.57,3.03
445664.445266,494519.177982,2977.643252,Sericite Alteration,4.09,8.39,2.92
445673.327989,494512.216013,2870.757138,Quartz Vein,,13.35,2.64
445572.471995,494538.986814,2895.689287,Quartz Vein,,10.94,2.84
445683.714879,494558.906718,2891.567955,Quartz Vein,,15.04,2.73
445554.158289,494054.893842,3151.06379,Sericite Alteration,3.12,6.62,2.74
445393.081886,494172.15255,2907.710402,Quartz Vein,,13.16,2.8
445560.5354,494530.933725,2916.300072,Chlorite Alteration,,10.11,2.87
445831.469303,494202.408033,3063.617667,Rhyolite,0.49,0.55,
445156.862846,494296.263355,2834.222502,Sericite Alteration,,3.56,2.47
445273.007447,494163.186573,2988.552461,Quartz Vein,8.29,21.79,3.02
445221.068277,494278.911864,2981.701199,Quartz Vein,,21.55,3.23
445466.987892,494793.746905,2876.224233,Andesite,,1.4,2.26
445693.973443,494584.479523,2906.67715,Quartz Vein,,14.48,2.91
445458.319922,494102.065718,3009.068669,Quartz Vein,,17.54,3.02
445565.835135,493973.155371,3134.002583,Sericite Alteration,,4.44,2.58
445521.194181,494579.68596,2872.397439,Sericite Alteration,,3.76,2.66
445613.430524,494667.354685,2976.232959,Rhyolite,,2.67,2.13
445730.932214,494454.051834,2955.271174,Sericite Alteration,,6.98,2.82
445623.560075,494489.161156,2873.255058,Quartz Vein,,13.54,2.94
445570.276646,494480.684373,3014.676343,Rhyolite,1.84,2.33,2.57
445200.574207,494295.901186,2993.854823,Quartz Vein,,17.91,3.37
445319.92584,494282.586225,2900.808583,Quartz Vein,6.18,16.95,3.29
445818.845573,494267.663325,3072.971141,Rhyolite,,0.57,2.48
445118.566494,494319.102426,2888.134163,Sericite Alteration,2.92,6.79,2.78
445645.097979,494557.861634,2855.81163,Sericite Alteration,,9.73,2.76
445094.908747,494227.711242,3040.113322,Sericite Alteration,,5.35,2.65
445210.640137,494292.782232,2967.231269,Quartz Vein,,20.96,3.03
445644.536777,494604.562382,2942.153236,Sericite Alteration,,9.91,2.7
445120.096506,494497.304256,2979.938082,Granodiorite,,2.27,2.53
445607.458728,494449.564575,2822.153647,Chlorite Alteration,,3.11,2.35
445440.808687,494069.391314,3011.556575,Quartz Vein,,16.1,2.85
445609.499271,494257.078161,3004.994035,Granodiorite,,1.99,2.3
445645.987763,494477.608155,2956.541414,Quartz Vein,,11.08,2.75
445666.544001,494563.824149,2963.35775,Chlorite Alteration,,9.74,2.72
445644.571385,494497.463276,2932.029811,Quartz Vein,,16.61,2.98
445655.009471,494590.414587,2892.870844,Quartz Vein,,12.38,2.76
445704.439212,494548.386027,2951.042984,Quartz Vein,,11.51,2.96
445720.349661,494004.341326,2969.387909,Basalt,,0.37,2.21
445422.424669,494341.647108,3088.352064,Sericite Alteration,,3.2,2.61
445129.825278,494245.533294,2884.799309,Chlorite Alteration,,8.08,2.72
445015.347257,494460.871332,2980.824943,Rhyolite,,1.09,2.46
445415.977964,494099.656403,3102.414428,Quartz Vein,,12.66,2.88
445271.050951,494193.871401,2995.126746,Quartz Vein,7.87,22.59,3.2
445292.348037,494294.668925,3010.166566,Quartz Vein,,19.27,2.98
445764.461218,494544.632401,2854.40625,Chlorite Alteration,3.8,5.23,2.51
445587.011741,494241.808648,2852.992225,Andesite,1.12,1.02,2.58
445284.903598,494238.895559,2986.022616,Quartz Vein,,25.18,3.31
445664.595978,494538.88726,2937.965442,Quartz Vein,,15.26,2.85
445265.813626,494360.177169,2956.023469,Quartz Vein,,17.85,3.01
445371.245368,494289.695146,2955.225209,Quartz Vein,,20.18,2.94
445705.624515,494474.853873,2859.362912,Sericite Alteration,4.12,8.85,2.72
445734.587085,494449.048685,2885.612921,Chlorite Alteration,3.55,9.51,2.79
445690.427387,494504.332551,2974.806105,Chlorite Alteration,,8.05,2.63
445455.153717,494008.464051,3050.091225,Quartz Vein,5.61,13.95,2.92
445763.831514,494617.750723,2860.522399,Chlorite Alteration,2.0,3.46,2.65
445818.592792,494183.139372,2959.906813,Granodiorite,,0.21,2.34
445569.876098,494019.18457,3090.01299,Sericite Alteration,,7.05,2.61
445190.473143,494337.003944,2872.483347,Sericite Alteration,,7.87,2.86
445846.288677,494169.162481,3022.700039,Rhyolite,,0.14,2.39
445195.840063,494341.614641,2953.401824,Quartz Vein,,16.34,3.15
445926.565469,494159.997074,3013.306125,Andesite,,0.14,2.56
445521.574763,494102.640157,3045.0703,Quartz Vein,,11.73,2.76
445694.177211,494198.689029,2962.830716,Andesite,,0.57,2.44
445574.646538,494027.5597,3074.577668,Chlorite Alteration,,7.2,2.51
445821.664556,494177.611299,3062.477706,Andesite,,0.29,2.48
445478.353767,494033.150876,3121.598716,Quartz Vein,,10.81,2.58
445757.786342,494079.089105,3023.679967,Basalt,,0.72,2.59
445290.171159,494156.215531,3009.246426,Quartz Vein,,19.34,3.18
445299.133308,494261.843523,2989.148314,Quartz Vein,,23.94,3.11
445735.078047,494145.333764,2988.317989,Basalt,0.84,0.91,2.42
445735.180735,494069.569407,3106.99372,Basalt,0.81,0.76,2.38
445114.213664,494331.170707,2932.249641,Chlorite Alteration,,9.43,2.5
445484.074582,493883.441998,3007.571251,Chlorite Alteration,2.06,3.28,2.43
445459.796685,493986.232834,3076.411004,Quartz Vein,4.72,12.08,2.97
445356.949666,494266.876785,2923.32254,Quartz Vein,6.89,19.43,3.1
445754.655132,494103.450095,2932.9572,Rhyolite,,0.13,2.39
445333.115431,494266.10149,2891.171092,Quartz Vein,,14.83,2.82
445226.698182,494234.745329,2962.519759,Quartz Vein,,25.04,3.21
445580.323769,494476.565269,2892.057845,Quartz Vein,,10.72,2.78
445684.290707,494451.894258,2901.449861,Quartz Vein,,13.1,3.05
445138.017197,494356.34525,2968.825024,Sericite Alteration,4.51,10.5,2.85
445898.642669,494131.589545,3054.165613,Granodiorite,,0.16,2.18
445627.13319,494185.569632,2985.1375,Granodiorite,,2.0,2.42
445688.278894,494192.399727,3015.995146,Basalt,1.63,0.91,2.4
445776.01641,494532.412844,2933.834208,Chlorite Alteration,,6.93,2.72
445637.059391,494403.858175,2850.750218,Chlorite Alteration,,4.33,2.6
445601.020702,494568.486058,2967.57454,Sericite Alteration,,7.15,2.69
445442.938559,494147.314158,2888.565502,Sericite Alteration,,6.83,2.71
445301.42041,494275.318589,2927.896162,Quartz Vein,7.66,22.4,3.07
445263.843696,494261.395751,3019.70805,Quartz Vein,,18.64,2.78
445623.498989,494486.547924,2922.122538,Quartz Vein,,15.26,3.02
445134.629315,494637.913914,2899.525361,Rhyolite,,0.21,2.36
445283.415968,494174.715731,3109.664146,Sericite Alteration,,5.04,2.59
445708.392472,494508.791734,3035.931283,Andesite,,1.76,2.4
445618.52939,494545.753675,2901.724514,Quartz Vein,,15.43,3.08
445291.252053,494281.879229,2946.264153,Quartz Vein,,24.3,3.16
445133.416213,494295.305406,2971.674982,Quartz Vein,4.97,13.07,
445314.256497,494310.87298,2998.272019,Quartz Vein,,19.77,2.96
445289.534474,494179.247706,2972.560649,Quartz Vein,,23.81,3.14
445313.696407,494207.911361,2841.675546,Chlorite Alteration,,6.13,2.82
445741.00513,494524.256904,2846.595404,Sericite Alteration,,5.9,2.77
445677.179425,494600.592641,2880.639396,Chlorite Alteration,,11.75,2.78
445393.493636,494014.016251,2932.222883,Chlorite Alteration,,7.39,2.74
445554.99322,494502.719108,2919.052147,Chlorite Alteration,,9.62,2.64
445546.190153,494281.53459,2944.256779,Chlorite Alteration,2.7,4.35,2.51
445969.528211,494191.726235,2974.273673,Rhyolite,,0.07,2.59
445047.749553,494415.173564,3015.006065,Rhyolite,,2.24,2.3
445372.401147,494213.061942,3027.283419,Quartz Vein,6.1,17.23,2.98
445439.284136,494005.786144,3036.363538,Quartz Vein,,13.71,2.93
445159.292442,494210.42549,3001.018467,Quartz Vein,6.57,14.07,2.84
445665.509068,494470.825907,2924.444227,Quartz Vein,,14.88,3.15
445929.974675,494233.22551,3128.027196,Rhyolite,,0.13,2.46
445359.933338,494038.276315,3045.165104,Quartz Vein,,14.37,2.75
445241.484109,494332.669097,3038.582777,Quartz Vein,,11.94,2.66
445348.194346,494115.324102,2875.662887,Chlorite Alteration,,7.75,2.68
445752.539991,494553.445104,2967.67115,Chlorite Alteration,,5.65,2.5
445260.189468,494357.752118,2851.214506,Sericite Alteration,,5.73,2.45
445695.454547,494704.700778,2859.467203,Granodiorite,1.56,1.4,2.47
445127.064841,494550.147288,2861.941802,Rhyolite,,0.57,2.62
445199.106828,494164.701318,2915.284297,Quartz Vein,,14.66,2.67
445492.878744,494035.452565,3053.58425,Quartz Vein,5.46,13.84,2.82
445518.674553,494561.815514,2939.174907,Chlorite Alteration,,4.8,2.58
445842.189141,494521.124464,2937.145848,Granodiorite,1.93,2.04,
445248.472598,494195.999598,2964.981259,Quartz Vein,,23.71,3.26
445274.863137,494179.604818,2912.199962,Quartz Vein,,18.18,3.05
445690.325879,494470.269511,2885.930021,Quartz Vein,,13.03,2.86
445452.915405,493970.822822,3004.374051,Sericite Alteration,3.99,9.21,2.88
445620.477985,493955.753438,3095.70697,Chlorite Alteration,,2.88,2.48
445386.945312,494020.876306,3079.378186,Quartz Vein,,12.98,2.98
445710.820689,494229.785158,3039.825823,Andesite,,0.4,2.37
445465.034912,494105.773532,3066.483761,Quartz Vein,,14.83,2.88
445311.799183,494032.457628,3021.24585,Quartz Vein,,11.11,2.87
445696.656624,494662.020879,2993.093945,Basalt,,1.56,2.62
445620.055219,494496.09252,2883.24825,Quartz Vein,5.48,13.93,3.0
445318.876283,494312.716674,2990.308918,Quartz Vein,,20.35,3.1
445607.655425,494054.338144,3039.870812,Chlorite Alteration,,5.09,2.72
445357.02023,494227.949733,2996.63392,Quartz Vein,,22.2,3.07
445859.059902,494224.400813,3036.337923,Andesite,,0.13,2.45
445180.388755,494344.865343,3016.499985,Quartz Vein,,11.44,2.95
445284.629686,494229.016885,3014.106268,Quartz Vein,7.4,20.45,3.11
445673.964134,494180.987368,3096.620598,Basalt,0.86,1.32,2.36
445692.321385,494434.589037,2966.505451,Sericite Alteration,,7.8,2.98
445662.641795,494579.000762,2876.867663,Quartz Vein,4.68,11.78,2.85
445344.575683,494087.888273,3190.732029,Chlorite Alteration,,2.89,2.43
445327.550623,494255.396665,2926.857987,Quartz Vein,,21.99,3.17
445624.613115,494089.53599,3079.625301,Chlorite Alteration,,3.65,2.34
445613.141988,494561.930124,2906.970925,Quartz Vein,6.58,14.08,2.96
445283.799199,494242.48745,2918.351128,Quartz Vein,,21.67,3.01
445565.66456,493954.504248,2995.170324,Chlorite Alteration,,3.88,2.6
445580.28659,494071.021392,3105.937043,Sericite Alteration,,6.07,2.74
445342.466396,494034.066621,3173.209714,Sericite Alteration,,3.86,2.6
445554.519112,494033.396855,3071.526492,Sericite Alteration,,9.25,2.59
445106.285517,494300.531234,3031.917498,Chlorite Alteration,,6.44,2.61
445931.243156,494218.911655,2995.986746,Andesite,,0.13,2.55
445187.749851,494232.611628,2944.688892,Quartz Vein,,19.73,2.97
445544.90834,494464.536356,2932.057044,Sericite Alteration,5.21,8.14,2.63
445907.683694,494199.155581,3011.341843,Andesite,,0.06,2.44
445909.25737,494211.338378,3171.537838,Andesite,,0.43,2.46
445540.957827,494569.592626,2863.545155,Chlorite Alteration,,4.59,2.52
445213.793873,493956.002833,2919.033313,Rhyolite,,2.43,2.51
445785.82243,494422.023165,2934.295321,Sericite Alteration,,3.34,2.56
445284.538539,494181.445573,2918.49151,Quartz Vein,,19.55,3.2
445683.829531,494497.102893,2888.208278,Quartz Vein,5.9,15.22,2.91
445962.561406,494215.937811,2920.959453,Granodiorite,,0.11,2.26
445268.299183,494197.721573,2870.188044,Quartz Vein,,11.33,2.83
445284.002241,494100.043343,3059.943242,Chlorite Alteration,4.67,10.69,2.86
445173.876389,494183.918844,2981.083454,Quartz Vein,,16.03,
445693.001577,494484.147521,2949.451383,Quartz Vein,,12.18,2.94
445534.490289,494093.67528,2979.161616,Sericite Alteration,,8.45,2.88
445644.444248,494548.639598,2973.103725,Sericite Alteration,,8.69,2.74
445209.319166,494253.322578,3055.953737,Sericite Alteration,,9.47,2.65
445714.095183,494216.841981,2956.037174,Rhyolite,0.88,0.38,2.62
445588.418007,494532.181514,2988.865834,Chlorite Alteration,,4.82,2.56
445188.75087,494250.650983,3043.866172,Chlorite Alteration,4.3,11.66,2.7
445681.824421,494571.806124,2896.74412,Quartz Vein,,14.03,2.78
445734.886947,494290.295587,3028.683524,Granodiorite,,0.3,2.23
445726.493681,494532.941182,2962.297604,Sericite Alteration,,9.08,2.66
445682.489695,494589.381467,2857.60946,Chlorite Alteration,,7.94,2.67
445301.415715,494069.809202,2931.217967,Quartz Vein,,11.48,2.7
445381.400275,494031.246139,2962.032301,Quartz Vein,,11.22,2.58
445358.676337,494271.923616,2945.312903,Quartz Vein,,21.35,3.23
445184.620014,494127.304909,2981.456713,Quartz Vein,5.2,13.1,2.96
445280.868412,494123.199611,2991.307315,Quartz Vein,,18.48,2.91
445603.903234,494475.185745,2878.927703,Quartz Vein,,11.66,2.73
445323.579263,494241.427424,2906.601742,Quartz Vein,7.64,18.5,3.04
445792.49317,494147.388154,3088.059487,Granodiorite,,0.26,2.44
445323.299602,494230.73644,2928.11693,Quartz Vein,,22.54,3.32
445338.742649,494141.957522,3142.303858,Chlorite Alteration,,4.88,2.93
445615.654555,494524.376199,3101.201952,Andesite,,0.39,2.34
445562.201321,493895.577705,3013.269293,Rhyolite,,2.31,2.42
445904.509561,494177.2154,3063.257106,Rhyolite,,0.35,2.42
445355.23245,494181.501654,3032.87034,Quartz Vein,,17.67,3.14
445538.472182,493997.767277,3064.059548,Sericite Alteration,,9.18,2.54
445247.243425,494192.151276,2880.112424,Quartz Vein,,12.53,2.72
445604.072399,494376.211952,3149.300653,Basalt,,0.52,2.42
445615.87786,494529.58891,2886.531629,Quartz Vein,,14.57,3.18
445362.761495,494261.43883,3006.743141,Quartz Vein,,19.39,3.15
445767.140152,494539.772096,2965.343499,Chlorite Alteration,,5.24,2.89
445697.937882,494567.67656,2938.415266,Quartz Vein,,12.33,
445720.359083,494535.688862,2850.037672,Sericite Alteration,,7.59,2.76
445289.176306,494290.916302,3048.085217,Quartz Vein,,12.18,2.72
445450.216583,494454.485035,3059.656427,Andesite,,1.63,2.39
445543.41136,494043.083971,3074.897228,Sericite Alteration,,10.01,2.54
445565.691432,494437.695166,2899.152605,Chlorite Alteration,,8.02,2.84
445712.420966,494221.101197,3083.158469,Andesite,,0.29,2.41
445740.336853,494268.784077,3023.55247,Basalt,,0.29,2.41
445507.217671,493958.639397,3128.663911,Chlorite Alteration,,6.77,2.74
445299.393059,494268.633473,2929.01738,Quartz Vein,8.16,22.93,3.1
445585.653732,494048.980448,3161.47204,Sericite Alteration,,3.36,2.47
445612.909686,494526.225566,2905.007222,Quartz Vein,,16.08,3.08
445423.88356,494259.679197,2963.149312,Quartz Vein,,15.94,3.09
445732.530958,494517.307491,3017.233627,Basalt,,1.98,2.39
445125.744702,494253.632299,2931.095525,Quartz Vein,4.87,12.36,2.91
445671.952399,494516.924561,2917.605554,Quartz Vein,,17.67,2.95
445731.844655,494179.954581,3021.405419,Granodiorite,,0.44,2.12
445599.768324,494521.917116,2940.023153,Quartz Vein,,12.77,2.92
445201.297228,494145.472077,2880.947406,Sericite Alteration,4.0,8.72,2.85
445469.191714,494188.382951,3037.901446,Quartz Vein,,12.09,2.67
445467.294874,494059.088094,3049.70582,Quartz Vein,,15.64,2.87
445494.845137,494023.954533,3155.05772,Sericite Alteration,,6.98,2.73
445193.333633,494184.404629,2909.829235,Quartz Vein,,14.33,2.82
445137.483815,494320.864566,3041.55608,Sericite Alteration,,6.72,
445667.189975,494500.160647,2858.946758,Quartz Vein,,11.33,2.81
445232.78146,494153.57841,3001.750911,Quartz Vein,6.06,17.16,2.95
445543.618956,493985.600381,3068.43045,Chlorite Alteration,,8.41,2.92
445187.646947,494255.226724,2958.665698,Quartz Vein,,20.06,2.88
445720.327773,494476.431035,3016.611818,Andesite,1.85,1.9,2.58
445128.86506,494305.805777,3045.323706,Sericite Alteration,3.06,7.07,2.68
445821.092669,494178.864876,3032.285951,Granodiorite,,0.11,2.45
445552.788441,494567.868245,2878.445327,Chlorite Alteration,,6.55,2.88
445728.35418,494568.773094,2855.14736,Chlorite Alteration,3.17,6.76,2.8
445376.718189,494234.520781,2993.479857,Quartz Vein,,20.45,2.92
445349.832842,494118.107888,3116.13551,Chlorite Alteration,,8.42,2.77
445368.093949,494229.512129,2971.669359,Quartz Vein,,22.38,3.29
445785.513584,494365.712248,2897.014726,Rhyolite,,1.52,2.5
445755.694687,494130.500347,3000.378116,Rhyolite,,0.29,2.65
445563.329098,493994.602022,3095.14881,Sericite Alteration,2.98,6.82,2.77
445970.090745,494350.855196,3101.221597,Andesite,,0.66,2.43
445818.688659,494447.394217,2945.2859,Andesite,,2.4,2.37
445426.403191,494304.686957,3135.000528,Rhyolite,,1.48,2.39
445804.756924,494262.102641,3003.79024,Granodiorite,,0.1,2.69
445561.871413,494138.145537,2920.013251,Chlorite Alteration,,3.25,2.45
445802.750776,494154.323779,2990.49656,Rhyolite,,0.14,2.39
445206.478,494220.998415,2851.429711,Sericite Alteration,,7.34,2.82
445536.339758,493946.690697,3120.146977,Sericite Alteration,,5.17,2.65
445298.015452,494227.063676,2898.483968,Quartz Vein,,17.43,3.0
445618.827101,494514.943003,2928.935005,Quartz Vein,,15.41,2.75
445445.856237,493909.86972,3144.059466,Sericite Alteration,,4.19,2.69
445711.156515,494211.382409,2942.066134,Basalt,,0.82,2.35
445185.55237,494282.656386,2942.981942,Quartz Vein,,18.91,2.99
445659.792799,494510.802632,2856.972419,Quartz Vein,4.32,11.04,2.95
445639.474083,494539.816252,2907.494441,Quartz Vein,,17.49,3.0
445833.579453,494166.948418,3016.603778,Basalt,,0.32,2.36
445618.406376,494539.497512,2868.898694,Quartz Vein,,11.63,2.78
445627.400473,494483.926761,2868.848472,Quartz Vein,,11.74,2.62
445416.459005,494269.535471,2967.456015,Quartz Vein,,16.46,3.12
445772.428798,494085.036688,3104.254213,Rhyolite,,1.66,2.47
445330.561804,494000.438003,3046.603088,Chlorite Alteration,,9.57,2.66
445635.881813,494374.04084,2854.194966,Sericite Alteration,1.98,2.99,2.55
445581.063206,493984.703937,3008.747642,Sericite Alteration,,4.8,2.72
445209.455922,494285.265187,3007.449871,Quartz Vein,,17.45,2.96
445436.937248,494184.088714,3046.568177,Quartz Vein,,13.31,2.89
445753.569621,494433.058081,2957.769386,Chlorite Alteration,,4.72,2.59
445356.638063,494650.853336,3047.093106,Granodiorite,0.5,0.56,2.33
445840.991138,494206.854814,3061.390588,Andesite,,0.81,2.23
445583.580218,494547.613574,2925.998057,Quartz Vein,,12.06,2.85
445800.63829,494498.765255,2823.08055,Granodiorite,,1.47,2.48
445206.462658,494318.375063,2871.298245,Sericite Alteration,3.95,8.83,2.64
445652.659901,494199.956221,3055.10258,Granodiorite,,1.56,2.27
445823.5098,494255.020059,3060.229349,Rhyolite,,0.32,2.41
445326.824757,494198.583726,3162.9238,Basalt,,2.17,2.75
445215.907029,494289.485133,2905.406387,Quartz Vein,,16.29,2.99
445861.733715,494186.568796,3061.291084,Andesite,,0.16,2.32
445579.712343,494500.678095,2830.041512,Sericite Alteration,,4.35,2.73
445506.346883,494149.036117,2974.624444,Sericite Alteration,6.18,10.55,2.76
445644.554578,494485.80672,2989.994077,Sericite Alteration,,5.77,2.73
445760.275401,494207.34049,3081.308472,Granodiorite,,0.58,2.09
445682.183084,494561.769032,2927.170808,Quartz Vein,5.69,14.65,3.01
445306.685813,494325.692592,2923.150413,Quartz Vein,6.82,18.77,3.06
445537.246391,494060.346114,3083.15055,Chlorite Alteration,,11.08,2.77
445166.373051,494118.024756,2938.963543,Quartz Vein,,10.8,2.71
445640.035441,493838.227621,3152.081596,Rhyolite,,0.66,2.42
445798.843118,494591.650509,2853.138662,Rhyolite,,2.37,2.64
445861.407908,494520.757109,2896.455015,Rhyolite,,1.45,2.55
445302.232387,494228.344376,2985.004133,Quartz Vein,,24.92,3.15
445417.63359,494188.721974,3083.632863,Chlorite Alteration,,10.11,2.82
445599.689421,494081.571657,3089.405102,Sericite Alteration,2.48,5.25,2.47
445689.976174,494550.639296,2903.444975,Quartz Vein,6.43,15.63,2.92
445323.613745,494240.811424,2924.002029,Quartz Vein,7.91,21.71,3.18
446002.20725,494445.236567,3102.368114,Rhyolite,1.04,0.3,2.41
445228.063436,494279.543921,3049.700047,Quartz Vein,,10.86,2.88
445275.805942,494154.155008,3019.386893,Quartz Vein,,17.29,2.92
445332.674388,494250.150221,3045.555381,Quartz Vein,,13.8,3.08
445197.308661,494251.885883,2903.673164,Quartz Vein,5.63,15.53,3.0
445740.408473,494173.116956,2977.789259,Basalt,,0.22,2.07
445572.583045,494525.590224,2998.319318,Sericite Alteration,,3.93,2.67
445370.87215,494374.745484,2933.140351,Quartz Vein,,12.47,2.88
445511.637594,494109.137957,3104.517653,Chlorite Alteration,,9.8,2.75
445314.82084,494241.407752,3015.817173,Quartz Vein,,20.05,3.22
445534.116273,493873.391774,3167.406822,Granodiorite,,1.35,2.39
445430.421724,493962.816336,3058.507722,Chlorite Alteration,,11.27,2.62
445601.872199,494459.687558,2866.248275,Chlorite Alteration,,8.86,2.55
445370.464427,494026.021277,3213.257895,Andesite,2.17,2.63,2.65
445366.975893,494148.324887,3018.745757,Quartz Vein,,19.34,2.95
445724.77259,494505.628348,2990.816727,Sericite Alteration,2.65,4.41,2.54
445163.829606,494306.064324,3020.034878,Quartz Vein,,11.26,3.0
445718.827436,494589.319494,2997.66595,Sericite Alteration,,2.83,2.34
445608.044644,494502.900519,2962.642889,Chlorite Alteration,,9.71,2.68
445484.059346,494039.682569,3054.085857,Quartz Vein,,15.03,2.99
445848.684504,494124.436424,2983.763351,Rhyolite,,0.22,2.51
445521.514205,494193.489454,2955.959851,Sericite Alteration,,7.48,2.67
445258.347312,494273.672373,2948.2483,Quartz Vein,,24.39,3.02
445184.890064,494003.919123,2972.421465,Sericite Alteration,,4.28,2.66
445646.303182,494545.265996,2909.875379,Quartz Vein,,17.09,2.85
445213.609153,494337.188002,2972.56478,Quartz Vein,7.67,18.36,3.14
445744.523496,494494.168006,2960.900334,Chlorite Alteration,,7.74,2.59
445410.72219,494607.730617,2973.306802,Rhyolite,,0.84,2.42
445577.202317,494581.042028,2899.77959,Chlorite Alteration,4.02,9.33,2.71
445594.025937,493967.033067,3162.002558,Basalt,,2.24,2.39
445297.194468,494238.259828,2938.942356,Quartz Vein,,24.62,3.18
445667.056578,494560.77078,2868.053829,Quartz Vein,,11.86,2.89
445698.195553,494189.186573,2955.225281,Rhyolite,,0.49,2.36
445618.4477,494557.850023,2960.193007,Sericite Alteration,,9.59,2.9
445686.241409,494536.714888,2891.694746,Quartz Vein,5.65,15.7,2.87
445453.441297,493937.871371,3017.816946,Sericite Alteration,,7.55,2.76
445542.773401,494544.313242,2883.17163,Chlorite Alteration,3.06,6.82,2.76
445445.788378,493997.05856,3005.7267,Quartz Vein,,11.46,2.9
445364.541886,494374.775358,2915.769943,Quartz Vein,,11.55,2.92
445763.894278,494072.830273,3032.620272,Andesite,,0.33,2.39
445485.638454,494002.71916,3021.984057,Quartz Vein,,11.49,2.74
445421.8591,494024.176614,3044.931122,Quartz Vein,5.92,15.1,2.7
445753.008238,494220.434877,3062.703292,Rhyolite,,0.54,2.38
445581.830065,494544.213458,2889.692376,Quartz Vein,,11.27,2.83
445270.26294,494285.41239,2984.165609,Quartz Vein,,23.63,3.11
445666.077767,494612.473438,2962.161742,Sericite Alteration,,6.57,2.43
445488.283317,494520.917711,2941.045733,Chlorite Alteration,,3.89,2.54
445428.782635,494050.288218,3173.627341,Sericite Alteration,,6.09,2.62
445369.315075,494357.668398,2980.058308,Quartz Vein,,14.42,2.89
445860.517355,494192.892628,3039.871014,Andesite,0.34,0.23,2.62
445270.847399,494123.666686,2812.673869,Andesite,,2.07,2.5
445372.549595,494231.044512,2962.363572,Quartz Vein,,21.91,3.12
445710.185867,494050.295253,3093.986171,Basalt,,1.09,2.6
445541.744836,493980.473222,3110.042485,Sericite Alteration,3.29,6.83,2.82
445780.273096,494105.281344,3132.933074,Basalt,,0.36,2.37
445638.986187,494012.063002,3152.13783,Andesite,1.73,1.64,2.6
445253.237694,494218.229957,3027.306233,Quartz Vein,,17.04,3.07
445275.419469,494252.446957,2918.29846,Quartz Vein,8.56,21.48,3.23
445164.568594,494282.439111,2984.490287,Quartz Vein,,16.14,2.9
445334.563768,494282.763693,2963.330774,Quartz Vein,,23.27,3.17
445128.208608,494300.407033,3004.627853,Sericite Alteration,,10.19,2.63
445504.975003,494167.559853,3031.226267,Sericite Alteration,,10.4,2.68
445785.670521,494198.803838,3092.439266,Granodiorite,,0.32,2.58
445493.69547,494258.084155,3148.030901,Andesite,,1.64,2.32
445841.546004,494110.196873,3077.590765,Andesite,,0.23,2.12
445136.470624,494196.072107,2962.731028,Quartz Vein,,13.37,2.77
445690.64202,494521.876473,2912.450813,Quartz Vein,5.95,16.78,2.92
445674.681415,494585.946034,2836.966536,Sericite Alteration,,5.39,2.67
445185.800039,494241.853924,2914.434678,Quartz Vein,,16.76,3.09
445605.581282,494017.692082,3068.642743,Sericite Alteration,,4.89,2.55
445423.259422,494653.9458,2968.496745,Andesite,,0.34,2.59
445246.855207,494208.548489,2913.216754,Quartz Vein,,19.25,3.11
445240.817291,494351.226123,3066.036407,Sericite Alteration,,6.19,2.87
445148.691118,494264.574621,2885.590065,Chlorite Alteration,,9.08,2.84
445438.79985,494394.213404,3064.378098,Chlorite Alteration,,2.87,2.45
445227.86917,494177.788207,3119.506779,Chlorite Alteration,,2.85,2.56
445663.570625,493989.312774,3015.298819,Andesite,,1.43,2.56
445215.232099,494122.499464,3017.687038,Quartz Vein,,12.1,2.99
445179.384839,494087.283117,3043.293918,Sericite Alteration,,5.74,2.62
445258.253437,493921.409043,3015.866494,Basalt,,2.37,2.48
446016.704719,494423.430852,2955.049863,Andesite,,0.69,2.51
445684.6124,494583.662541,2902.744033,Quartz Vein,,13.3,3.0
445288.633055,494254.403275,3003.402961,Quartz Vein,,22.17,3.04
445659.450028,494541.551021,2864.029159,Quartz Vein,,13.31,2.9
445650.347165,494486.440208,2898.102038,Quartz Vein,5.97,16.27,2.86
445388.474624,494021.050198,3054.634515,Quartz Vein,6.41,13.91,3.04
445394.681323,494230.497308,3099.840893,Sericite Alteration,,8.22,2.65
445303.053034,494160.770363,2877.296806,Quartz Vein,,10.81,2.69
445178.188888,494238.913458,2972.367061,Quartz Vein,7.94,18.89,3.17
444998.230428,494515.303971,3149.863917,Rhyolite,,0.08,2.25
445681.995357,494467.008289,2937.162397,Quartz Vein,,12.86,2.89
445734.329438,494567.924388,2888.186999,Chlorite Alteration,,9.98,2.47
445706.558149,494513.384346,2867.784416,Quartz Vein,4.37,11.43,2.88
445693.249045,494134.905845,2976.121224,Andesite,,0.7,2.5
445211.622607,494025.97947,2972.92555,Sericite Alteration,,6.65,2.7
445284.58248,494192.908172,2930.104354,Quartz Vein,7.65,22.42,3.27
445320.865316,494184.774926,2920.111143,Quartz Vein,,19.57,3.22
445583.21307,494082.221317,3142.794396,Sericite Alteration,,4.29,2.63
445479.825649,493974.044129,3071.368249,Quartz Vein,,10.7,2.72
445740.513514,494210.789894,3024.997382,Basalt,,0.24,2.27
445366.678728,494332.843578,3046.865615,Chlorite Alteration,,8.86,2.74
445696.8415,494518.609118,2887.575381,Quartz Vein,,14.81,3.12
445337.172454,494348.044423,2997.002621,Quartz Vein,,16.02,2.99
445678.991268,494480.064573,2899.289665,Quartz Vein,6.67,15.41,3.14
445786.222427,494179.752221,3100.710247,Granodiorite,,0.41,2.22
445439.109483,494091.84234,3145.72149,Sericite Alteration,,8.7,2.39
445630.81219,494479.823541,2868.042322,Quartz Vein,,11.45,2.99
445208.655105,494276.506163,2989.49682,Quartz Vein,,19.93,3.2
445348.714952,494189.275639,3028.936428,Quartz Vein,6.49,18.25,2.96
445761.843006,494274.342753,3003.710655,Basalt,,0.19,2.45
445645.370709,494506.656036,2911.180113,Quartz Vein,,17.41,2.87
445299.753504,494266.072085,2926.861209,Quartz Vein,,22.91,3.17
445555.602008,494529.415619,2997.814992,Sericite Alteration,,2.99,2.34
445785.431542,494180.756636,3118.40404,Basalt,0.4,0.11,2.3
445494.936414,494509.092347,2913.558999,Sericite Alteration,,4.77,2.91
445711.974506,494475.604573,2921.966049,Quartz Vein,,13.54,2.87
445643.306336,494549.551429,2825.413708,Chlorite Alteration,,4.8,2.62
445477.04191,494534.384076,2892.586883,Chlorite Alteration,1.69,3.06,2.53
445764.2782,494191.301538,3017.526696,Basalt,,0.66,2.63
445624.637898,494503.435917,2937.404109,Quartz Vein,,14.46,2.99
445319.350791,493988.365127,3020.773173,Sericite Alteration,4.01,8.36,2.97
445163.113472,494219.184526,2917.663322,Quartz Vein,,14.37,2.85
445932.253509,494159.254012,2981.609928,Granodiorite,0.26,0.31,2.41
445751.004602,494537.771579,2893.385773,Sericite Alteration,,9.85,2.74
445165.97762,494274.604616,2887.88338,Sericite Alteration,,10.46,2.76
445245.781163,494302.471793,2897.511307,Quartz Vein,,15.47,3.18
445167.12797,494179.705109,2865.048445,Chlorite Alteration,,6.79,2.46
445583.315664,494523.081261,3052.865072,Rhyolite,0.71,0.57,2.44
445416.251781,494235.755597,2877.688966,Chlorite Alteration,,8.17,2.54
445190.254576,494238.897857,2974.482892,Quartz Vein,,19.91,3.02
445559.04643,494094.254176,3031.807791,Chlorite Alteration,,8.27,2.91
445706.248234,494479.017715,2930.728312,Quartz Vein,,12.95,2.69
445506.596375,493925.479907,2952.27103,Chlorite Alteration,,2.93,2.53
445446.91203,494031.861745,3061.632632,Quartz Vein,,15.82,2.89
445195.666005,494165.382735,2950.561745,Quartz Vein,,17.23,3.07
445302.179926,494247.447889,3051.552514,Quartz Vein,,12.98,2.93
445379.445327,494058.886319,3104.603101,Quartz Vein,,11.57,2.93
445505.18445,493932.443373,3038.359099,Sericite Alteration,,6.55,2.61
445268.606514,494372.988583,2974.896161,Quartz Vein,,16.36,2.99
445675.898637,494555.173454,2905.880544,Quartz Vein,,16.01,3.0
445451.600052,494272.641513,2981.201071,Quartz Vein,,12.3,2.81
445804.638273,494159.637246,2985.842719,Andesite,,0.54,2.48
445553.956317,494649.886489,3037.295976,Granodiorite,,0.65,2.29
445511.601179,494177.185939,3077.362795,Chlorite Alteration,3.38,7.94,2.69
445335.723828,494527.023476,3050.042928,Rhyolite,,1.6,2.2
445535.004238,494506.316042,2874.26001,Sericite Alteration,2.94,6.3,2.63
445209.101634,494233.114821,2869.259251,Sericite Alteration,,9.88,2.66
445149.20521,494375.462682,2957.16333,Sericite Alteration,,10.37,2.7
445349.038576,494314.025723,3100.310457,Sericite Alteration,,4.01,2.61
445325.839277,494258.050973,2899.368159,Quartz Vein,,17.14,3.09
445911.897538,494403.440053,3025.545441,Andesite,0.32,0.12,2.4
445450.916049,494186.345559,3030.745357,Quartz Vein,5.36,13.96,2.91
445174.685685,494133.631307,3077.790553,Sericite Alteration,,4.41,2.32
445159.063392,494203.702664,3063.017119,Sericite Alteration,,6.11,2.83
445686.606289,494513.792673,2968.032679,Chlorite Alteration,,9.78,2.67
445242.274263,494340.820741,2943.074109,Quartz Vein,,18.92,3.09
445900.875737,494244.639423,3010.742904,Basalt,,0.19,2.35
445458.736609,494246.822886,3103.806716,Chlorite Alteration,2.44,4.39,2.52
445608.167007,494466.154883,2841.930763,Sericite Alteration,,5.79,2.7
445238.569358,494241.95569,2910.196274,Quartz Vein,6.8,19.02,3.03
445190.259569,494336.958065,2921.436149,Quartz Vein,,14.47,2.89
445278.795201,494238.479244,2918.989625,Quartz Vein,,21.65,3.21
445627.925598,494181.860396,2922.842347,Granodiorite,,1.25,2.61
445336.161751,494283.572304,2870.79894,Sericite Alteration,,10.43,2.94
445789.522192,494141.650703,3009.751688,Andesite,2.53,0.93,2.35
445796.779286,494115.694537,3106.616867,Basalt,,0.37,2.45
445207.956034,494312.512749,2992.448448,Quartz Vein,,17.8,3.16
445802.629966,494512.160493,2880.389589,Chlorite Alteration,,4.61,2.73
445641.229259,494466.008825,2854.913116,Chlorite Alteration,,9.09,2.75
445220.083756,494342.230635,2951.103903,Quartz Vein,6.73,17.96,3.08
445390.5081,494161.788816,3068.07806,Quartz Vein,,13.36,2.95
445189.238358,494189.759959,3022.05035,Quartz Vein,,13.24,2.74
445839.844298,494205.367341,3054.871052,Rhyolite,,0.67,2.28
445664.359402,494075.773059,3018.262257,Granodiorite,,2.05,2.72
445365.856671,494213.53572,2795.820178,Andesite,,1.69,2.52
445415.372162,493869.198234,2893.55034,Basalt,,0.65,2.44
445315.504963,494211.086289,2999.160759,Quartz Vein,,23.11,3.18
445268.441736,494064.952833,3040.789176,Chlorite Alteration,,9.63,2.82
445629.306731,494473.82187,2832.535337,Sericite Alteration,,6.82,2.71
445768.17643,494598.243168,2927.915574,Chlorite Alteration,3.18,5.51,2.61
445835.257241,494131.853814,3090.417259,Basalt,,0.44,2.38
445690.854524,494519.146024,3020.499194,Rhyolite,,3.71,2.7
445722.939392,494501.972293,2959.159846,Sericite Alteration,3.82,8.96,2.86
445193.767128,494422.085375,2995.441316,Sericite Alteration,,8.31,2.93
445912.450166,494379.668703,3094.780536,Rhyolite,,0.07,2.57
445756.205549,494186.620129,3025.636151,Granodiorite,,0.26,2.44
445642.846212,494479.543169,2916.303803,Quartz Vein,,15.84,2.87
445654.589127,494509.47654,2989.694375,Chlorite Alteration,,6.06,2.6
445497.434319,494531.294992,2958.891844,Sericite Alteration,,3.56,2.5
445846.854637,494221.798526,2994.155358,Basalt,,0.06,2.53
445414.640778,494032.665337,3135.889686,Chlorite Alteration,,10.12,2.83
445361.212876,494049.633863,2973.535326,Quartz Vein,5.23,13.42,2.97
445225.123805,494245.377635,2965.453097,Quartz Vein,,23.56,3.15
445458.338916,494157.505498,3017.483464,Quartz Vein,,14.76,2.86
445913.784818,494411.456554,2936.452426,Rhyolite,,0.49,2.39
445696.869192,494519.282803,2879.436572,Quartz Vein,,13.84,2.8
445735.814875,494473.889779,2963.079927,Chlorite Alteration,,6.67,2.91
445439.306942,494063.132091,3114.095137,Quartz Vein,,13.03,2.78
445561.978009,494540.935703,2952.769834,Chlorite Alteration,4.02,7.53,2.52
445721.747337,494635.724331,3118.715988,Rhyolite,1.11,0.12,2.51
445716.790878,494515.955396,2866.062314,Sericite Alteration,4.35,11.09,2.84
445098.203692,494170.403863,2955.886267,Chlorite Alteration,,9.08,2.83
445249.602153,494020.655008,3127.84853,Sericite Alteration,1.81,2.42,2.37
445581.180229,494484.848822,2960.163424,Chlorite Alteration,,8.17,2.77
445593.727121,493969.191674,3115.415908,Chlorite Alteration,,3.63,2.6
445720.70444,494587.948516,2840.894827,Sericite Alteration,2.34,4.67,2.68
445135.266666,494311.109789,2938.540186,Quartz Vein,,12.77,3.09
445475.349697,494557.508923,2921.102099,Sericite Alteration,,3.45,2.51
445280.603486,494201.116551,2980.318493,Quartz Vein,,24.59,3.13
445290.680304,494348.815607,2986.247119,Quartz Vein,,18.5,3.17
445616.914468,493949.445431,3039.147773,Sericite Alteration,,2.75,2.45
445207.424051,494303.402718,2960.930736,Quartz Vein,,20.65,2.78
445365.586145,494292.926335,2965.77565,Quartz Vein,7.21,20.35,2.82
445493.153782,494243.782103,3034.783164,Sericite Alteration,3.29,7.48,2.85
445449.196634,493970.283778,3093.126703,Sericite Alteration,,10.4,2.9
445791.87071,494504.209036,2937.908323,Sericite Alteration,,5.33,2.77
445704.097377,494228.902192,2942.783439,Rhyolite,,0.46,2.54
445326.43062,494276.824325,2841.239741,Chlorite Alteration,3.18,6.16,2.59
445253.827677,494167.251686,3083.918687,Sericite Alteration,3.74,6.91,2.72
445452.615265,493936.147966,3071.48481,Sericite Alteration,4.05,8.66,2.63
445329.986474,494324.978788,3055.545958,Sericite Alteration,,9.96,2.82
445572.510893,494516.952688,2882.642302,Chlorite Alteration,,10.15,2.75
445401.57147,494228.738549,3038.266131,Quartz Vein,5.2,13.64,2.82
445695.680829,494551.2944,3034.738572,Andesite,,1.18,2.18
445664.856972,494538.76133,3027.735272,Granodiorite,,1.89,2.41
445870.645498,494067.448448,3036.273825,Granodiorite,,0.05,2.56
445457.777859,493980.528854,3008.34089,Chlorite Alteration,,10.25,2.75
445272.554313,494248.53358,2974.513521,Quartz Vein,,25.47,3.09
445385.397176,494368.797823,2983.09086,Quartz Vein,,12.27,2.76
445648.64688,494508.539544,2894.955979,Quartz Vein,,17.0,2.89
445306.125996,494303.866558,2904.985319,Quartz Vein,,17.11,2.82
445485.407278,494072.180626,3186.551401,Sericite Alteration,2.6,4.45,2.67
445163.290822,494011.7788,3067.516015,Andesite,,2.03,2.48
445742.576114,494542.14649,2928.554199,Sericite Alteration,5.23,10.74,2.8
445342.171628,494258.844243,3069.695259,Chlorite Alteration,,9.19,2.68
445286.442862,494295.222973,2946.672265,Quartz Vein,8.03,23.58,3.26
445614.19327,494510.04581,2894.848991,Quartz Vein,,15.16,3.1
445392.537191,493942.121848,3047.112054,Chlorite Alteration,,7.92,2.86
445287.867556,494348.623927,2893.489202,Quartz Vein,,12.57,2.98
445568.98395,494477.785661,2854.214368,Sericite Alteration,,6.06,2.56
445630.846767,494091.510445,3095.909804,Chlorite Alteration,,3.19,2.64
445417.237358,493890.60074,3138.342093,Sericite Alteration,,3.15,2.43
445259.047846,494243.93656,2900.576884,Quartz Vein,,18.13,2.98
445326.597745,494170.57945,2907.637371,Quartz Vein,7.06,16.35,2.76
445612.672516,494560.44454,2883.797187,Quartz Vein,,12.46,3.12
445263.786024,494277.020885,3121.85632,Chlorite Alteration,1.49,2.69,2.42
445646.836882,494513.176844,2913.582627,Quartz Vein,,17.69,3.07
445089.246161,494224.088298,2925.454034,Sericite Alteration,,8.24,2.65
445365.546652,494050.492858,3063.701062,Quartz Vein,5.28,13.78,2.98
445607.986425,493999.117808,3029.897594,Chlorite Alteration,,3.92,2.43
445270.57653,494260.247364,2989.132761,Quartz Vein,,23.83,3.23
445412.650935,494117.831293,2958.63478,Quartz Vein,,15.73,2.87
445433.101045,493951.53208,3067.036069,Chlorite Alteration,,9.59,2.7
445437.039227,494085.851403,3019.77706,Quartz Vein,,17.22,2.83
445736.074809,494629.293361,3112.699348,Andesite,,0.5,2.54
445662.977905,494504.499532,2949.61644,Quartz Vein,,13.59,2.83
445916.09634,494147.206659,2979.802345,Granodiorite,,0.9,2.44
445755.052276,494150.908858,3006.94608,Basalt,,1.12,2.31
445355.730736,494268.176342,2983.745707,Quartz Vein,,22.34,3.14
445689.772799,494617.341608,2855.632283,Sericite Alteration,,5.87,2.42
445234.230986,494407.568313,2822.73182,Andesite,1.36,1.94,2.44
445284.019282,494228.207439,2975.619672,Quartz Vein,,25.59,3.23
445414.388439,494722.946467,3125.999268,Basalt,,0.65,2.18
445215.613517,494201.022567,2948.785375,Quartz Vein,,21.3,3.09
445161.512253,494114.413688,3128.430516,Andesite,,1.45,
445624.789317,493958.65759,3169.128861,Basalt,,1.59,2.52
445064.539849,494174.603322,2925.740588,Chlorite Alteration,,5.4,2.54
445387.927711,494213.533422,2937.085988,Quartz Vein,,18.68,3.26
445250.577289,494252.649106,2914.752349,Quartz Vein,,20.56,3.12
445408.702272,494227.874868,2970.315259,Quartz Vein,,18.6,3.32
445830.765748,494478.504849,2819.311243,Rhyolite,,2.34,2.63
445300.989292,494224.995504,2930.031371,Quartz Vein,,23.32,3.25
445447.037581,494042.005697,3049.722491,Quartz Vein,,16.93,2.73
445358.878229,494210.921446,2928.916236,Quartz Vein,,20.06,3.06
445770.974832,494678.184303,3024.487906,Basalt,,0.85,2.39
445546.245028,494520.661337,2869.397166,Sericite Alteration,,6.49,2.63
445723.199467,494049.255301,3012.22722,Granodiorite,,2.89,2.53
445698.797643,494542.801358,2900.848799,Quartz Vein,,15.65,2.8
445445.844044,494610.1159,3076.170436,Granodiorite,,0.17,2.39
445288.147202,494258.043834,2925.256779,Quartz Vein,,23.05,3.0
445792.766596,494192.413368,2871.730992,Basalt,0.55,0.09,2.47
445324.928923,494140.49374,3013.734992,Quartz Vein,,18.96,3.3
445178.351294,494260.032199,2952.486128,Quartz Vein,6.83,18.87,3.01
445934.656269,494409.298301,2870.100349,Basalt,,0.25,2.27
445343.322094,494000.646962,3042.368938,Sericite Alteration,,10.35,2.8
445705.259349,494645.546864,2920.047523,Sericite Alteration,,5.85,2.6
445592.683473,494485.273223,2911.485516,Quartz Vein,5.26,13.61,2.98
445549.219313,494553.25831,2965.334984,Chlorite Alteration,,5.15,2.59
445743.537613,494589.636337,2921.176706,Chlorite Alteration,,8.23,2.77
445517.084715,494116.472783,3142.057687,Chlorite Alteration,,6.47,2.84
445446.515322,494152.869604,3011.372537,Quartz Vein,,15.84,2.77
445727.58519,494237.048065,2957.971132,Granodiorite,,0.44,2.08
445431.145351,494043.866999,3088.020205,Quartz Vein,,14.61,3.03
445267.017297,494358.659245,2957.914448,Quartz Vein,6.8,18.34,3.02
445639.247506,494575.861296,2885.141058,Quartz Vein,5.01,12.8,2.75
445219.881116,494247.605007,3010.145121,Quartz Vein,,18.38,2.93
445705.854025,494526.933561,2957.827576,Sericite Alteration,,11.8,2.7
445407.163628,494026.986252,3003.408615,Quartz Vein,,13.85,2.78
445322.429807,494216.59439,3024.947159,Quartz Vein,,18.71,2.89
445095.441819,494181.530906,2951.135358,Sericite Alteration,,8.56,2.58
445512.163901,494117.130158,3104.480775,Chlorite Alteration,,9.76,2.96
445637.77677,494566.072154,3067.579059,Rhyolite,0.73,0.62,2.55
445558.250378,494602.574598,2908.343587,Chlorite Alteration,,6.51,2.7
445442.132934,493929.128226,3143.147935,Chlorite Alteration,,5.01,2.5
445463.551057,494116.981637,3111.329493,Quartz Vein,,11.58,2.8
445743.081043,494173.458951,2904.927193,Granodiorite,,0.51,2.45
445761.891933,494550.498948,2869.370295,Sericite Alteration,,6.84,2.69
445601.936052,494519.070117,2972.507054,Chlorite Alteration,,7.92,2.78
445400.518552,494024.078252,2975.261271,Quartz Vein,,12.34,2.88
445408.402548,494321.473683,2973.547709,Quartz Vein,,15.37,2.95
445627.225895,494762.141436,2912.276589,Basalt,,1.68,2.61
445889.221054,494231.542312,2992.567352,Andesite,,0.09,2.42
445644.930379,494034.473944,2982.01747,Basalt,,1.78,
445494.870182,494110.140179,3057.175218,Quartz Vein,,13.25,2.67
445580.952238,494538.591113,2946.820245,Chlorite Alteration,,10.38,2.85
445376.888341,494151.497655,3084.633406,Quartz Vein,,12.09,2.76
445434.542054,494151.079156,3114.119828,Chlorite Alteration,,9.15,2.77
445193.302553,494231.829167,2906.168451,Quartz Vein,,15.44,3.06
445194.196251,494260.567325,2958.780603,Quartz Vein,,20.78,3.07
445677.199434,494472.894827,2892.134007,Quartz Vein,,15.01,3.09
445239.267012,494569.266505,2957.588657,Rhyolite,,1.56,2.22
445736.186263,494478.783648,2922.242733,Quartz Vein,,10.88,2.82
445746.475913,494479.729487,2973.703291,Sericite Alteration,,5.43,2.68
445404.442078,493929.771885,3187.340508,Granodiorite,1.39,2.61,2.49
445397.815531,494063.631672,2990.736509,Quartz Vein,5.83,15.95,2.81
445575.107108,494516.549904,2988.069837,Chlorite Alteration,,5.13,2.51
445735.685507,494183.671811,3035.241743,Granodiorite,,0.44,2.49
445765.05575,494153.003439,3031.774142,Granodiorite,,0.2,2.57
445219.924624,494201.777339,2926.119905,Quartz Vein,,19.49,2.74
445288.040154,494159.08596,2878.349572,Quartz Vein,,11.11,2.86
445352.663427,494208.187825,3121.218029,Sericite Alteration,,4.82,2.6
445125.840979,494191.148528,2911.607399,Chlorite Alteration,,9.47,2.74
445469.233054,494686.024825,2868.842504,Basalt,,0.84,2.35
445816.563289,494103.983314,3002.27696,Rhyolite,,0.17,2.51
445390.143774,494673.091531,3018.131757,Basalt,0.56,0.32,2.53
445323.021174,494512.509874,3071.813516,Rhyolite,,1.32,2.55
445558.139,494540.18856,2917.191933,Chlorite Alteration,,9.64,2.83
445757.311779,494208.061555,2956.065093,Andesite,,0.15,2.16
445287.888,494321.246222,2957.246407,Quartz Vein,,22.01,2.87
445635.918081,494410.328754,2819.383059,Andesite,,2.14,2.52
445330.736325,494266.448193,2956.594412,Quartz Vein,8.27,24.45,3.1
445279.354615,494238.361887,2876.434725,Quartz Vein,,13.56,2.97
445799.996727,494488.744233,2940.570323,Chlorite Alteration,,4.34,2.68
445354.543427,494180.592679,2955.411114,Quartz Vein,,22.07,3.28
445756.873131,494228.450093,2976.220655,Andesite,,0.4,2.21
445763.876584,494199.295714,3097.274664,Rhyolite,0.34,0.27,2.35
445632.458046,494460.022986,2901.79082,Quartz Vein,,14.05,2.86
445689.102181,494438.751269,2895.594627,Quartz Vein,4.57,11.48,
445650.963685,494511.490959,2962.370513,Quartz Vein,,11.21,2.81
445363.64278,494218.297462,2930.889432,Quartz Vein,,20.35,2.83
445283.924701,494194.128585,3010.477748,Quartz Vein,,20.85,3.1
445378.280981,494271.27733,3039.846942,Quartz Vein,,12.51,2.79
445449.510127,494324.67623,3005.005175,Sericite Alteration,,9.02,2.69
445638.497725,494569.40438,2866.087505,Chlorite Alteration,,10.54,2.95
445777.869957,494621.982585,2861.451791,Chlorite Alteration,,2.75,2.69
445249.510827,494169.07811,2950.331796,Quartz Vein,,21.42,3.04
445380.66547,494254.007547,2918.044512,Quartz Vein,,16.79,3.16
445339.361882,494252.287568,3006.787822,Quartz Vein,,20.54,3.0
445242.705377,494234.1023,2962.469706,Quartz Vein,,24.75,3.34
445574.820355,494490.341988,2890.788536,Quartz Vein,,10.77,2.71
445603.413615,494534.985932,2918.857851,Quartz Vein,,14.73,3.11
445396.292558,494070.66867,3005.331776,Quartz Vein,,16.82,3.13
445443.596785,493937.845861,3016.334437,Sericite Alteration,,7.59,2.57
445827.646451,494538.927701,2916.17919,Sericite Alteration,,2.99,2.57
445649.059346,494584.373502,2972.111411,Chlorite Alteration,3.48,7.09,2.75
445478.549308,493993.820917,3154.880265,Sericite Alteration,,6.86,2.5
445803.518908,494096.150253,2993.718845,Basalt,0.6,0.32,2.26
445184.630707,494295.620644,3009.532692,Quartz Vein,,14.71,2.99
445901.288158,494106.613495,3007.961799,Granodiorite,,0.1,2.43
445813.641522,494151.128426,3027.308808,Andesite,0.76,0.11,2.55
445391.388674,494058.27847,3170.248138,Chlorite Alteration,,6.57,2.78
445730.05137,494213.33993,3038.704134,Basalt,,0.3,2.56
445737.175057,494510.417696,2939.537878,Chlorite Alteration,,10.43,2.84
445386.366443,494055.579459,3131.035335,Sericite Alteration,,9.43,2.6
445537.900675,494104.515244,3072.709795,Sericite Alteration,3.95,9.73,2.8
445122.145056,494210.459757,3021.863204,Chlorite Alteration,,8.55,2.71
445694.173098,494207.660693,2974.876435,Granodiorite,0.97,1.24,2.38
445605.286043,494505.4377,2884.010109,Quartz Vein,,13.13,2.78
445699.026689,494349.163456,2931.71464,Sericite Alteration,,2.79,2.72
445580.745965,494488.122843,2891.224636,Quartz Vein,,11.16,3.0
445826.760404,494241.540628,3021.336251,Rhyolite,,0.11,2.16
445745.08509,494140.377709,3081.138664,Granodiorite,1.21,0.56,2.43
445325.783733,494368.384771,3016.44295,Quartz Vein,,12.08,2.9
445216.160754,494185.246445,2896.414753,Quartz Vein,,13.64,3.05
445333.279371,494090.429566,3064.477682,Quartz Vein,,12.69,2.93
445764.569007,494108.1641,2977.673336,Basalt,0.38,0.17,2.42
445335.37898,494289.267645,3000.799331,Quartz Vein,7.4,19.92,3.11
445242.407486,494271.491711,2896.511615,Quartz Vein,,16.23,3.17
445703.757109,494076.712603,3045.915521,Rhyolite,,1.47,2.55
445764.574667,494461.93526,2917.710303,Sericite Alteration,3.33,7.25,2.66
445713.551374,494181.753024,3047.318353,Granodiorite,,0.43,2.54
445656.868921,494546.992742,2890.660708,Quartz Vein,,16.68,2.96
445622.946605,494497.808646,2976.041626,Chlorite Alteration,,7.81,2.93
445845.979262,494144.009056,3131.451075,Rhyolite,,0.33,2.33
445408.548669,493862.271491,3024.945937,Sericite Alteration,,2.79,2.64
445731.382048,494131.96909,3063.531606,Rhyolite,,0.46,2.34
445633.629033,494505.958926,2882.441719,Quartz Vein,,14.78,3.03
445668.105054,494469.816081,2878.235682,Quartz Vein,,12.76,3.01
445404.995119,494148.202973,3021.300609,Quartz Vein,,17.96,3.01
445300.228754,494273.33113,2906.297614,Quartz Vein,,18.73,2.91
445301.756718,494267.057645,2960.582227,Quartz Vein,,25.36,3.02
445717.83498,494527.962964,2982.148455,Chlorite Alteration,,5.92,2.36
445401.697914,494203.505464,3144.364418,Chlorite Alteration,,3.93,2.28
445663.454474,494491.482321,2869.603596,Quartz Vein,,12.79,2.8
445568.620017,494607.060304,2997.18031,Rhyolite,,2.06,2.51
445234.582829,494301.281767,2962.23845,Quartz Vein,,22.37,3.2
445119.226479,494186.557754,2992.570128,Sericite Alteration,,10.01,2.88
445131.875322,494142.821496,3061.744131,Chlorite Alteration,,4.08,2.43
445476.862897,494202.400627,3118.89974,Sericite Alteration,,5.21,2.6
445283.816492,494141.74642,2968.868999,Quartz Vein,,20.85,3.13
445312.058246,494315.730535,2994.494142,Quartz Vein,,19.89,3.13
445756.323444,494498.320374,2879.358749,Sericite Alteration,3.43,8.64,2.65
445326.665734,494255.068347,3017.513962,Quartz Vein,,19.58,3.15
445505.271119,493993.217042,3096.755144,Chlorite Alteration,,10.22,2.85
445309.632413,494287.328327,2975.893376,Quartz Vein,,24.08,3.04
445426.053571,494215.918927,3076.824001,Sericite Alteration,3.97,8.97,2.58
445154.077358,494306.588942,2920.339417,Quartz Vein,,12.8,3.04
445227.601013,494274.783873,2907.299954,Quartz Vein,,17.88,3.14
445696.406364,494161.779079,3027.486383,Andesite,,0.88,2.27
445207.372608,494280.823586,2961.934174,Quartz Vein,,21.6,3.42
445712.354151,494526.350362,2914.452118,Quartz Vein,,14.93,3.01
445857.620319,494204.704605,2987.032141,Granodiorite,,0.19,2.31
445385.649861,494274.180372,2812.43083,Granodiorite,2.53,2.52,2.55
445661.53571,494475.263153,2901.362792,Quartz Vein,,15.58,2.9
445770.779941,494201.23863,2977.470797,Rhyolite,,0.54,2.55
445366.879722,494364.48863,2936.329528,Quartz Vein,,13.77,2.88
445289.70172,494281.684943,2986.226725,Quartz Vein,,24.02,3.05
445713.263618,494231.814901,3084.471832,Granodiorite,,0.28,2.52
445331.599686,494206.486567,2997.21648,Quartz Vein,,22.85,3.19
445459.688504,493985.254665,3144.494319,Sericite Alteration,,8.02,2.68
445219.600569,494233.328946,3000.201375,Quartz Vein,,19.86,3.02
445509.569318,494023.580879,3055.809173,Quartz Vein,,12.32,2.72
445257.873684,494260.439651,3031.525097,Quartz Vein,6.02,16.6,3.16
445767.410827,494280.169837,3014.215145,Rhyolite,,0.29,2.47
445257.407729,494335.87124,3015.356143,Quartz Vein,,15.2,2.92
445404.57092,494101.300567,3075.75071,Quartz Vein,5.48,15.03,2.78
445669.047913,494517.345376,2930.863323,Quartz Vein,,16.33,3.01
445435.404854,494039.701446,3020.245652,Quartz Vein,6.05,15.39,3.06
445230.319726,494212.913066,3048.437244,Quartz Vein,5.31,12.07,3.03
445757.916091,494159.76185,2968.746549,Andesite,,0.42,2.28
445305.084808,494189.395395,3011.560157,Quartz Vein,,20.78,3.13
445626.315169,494005.758305,3015.373118,Sericite Alteration,,3.54,2.46
445881.86651,494222.743735,2994.755721,Andesite,,0.14,2.59
445444.701441,494280.421212,3066.786433,Sericite Alteration,,6.05,2.59
445454.102689,494488.739263,3041.712883,Rhyolite,,1.47,2.46
445381.96475,494323.966077,2878.182802,Chlorite Alteration,3.51,8.59,2.47
445319.61713,494320.124167,2884.05976,Quartz Vein,,12.24,2.82
445084.288828,494246.955216,2906.436371,Sericite Alteration,,7.04,2.69
445287.261504,494235.510599,3023.061022,Quartz Vein,,18.8,2.84
445679.597527,494541.964094,2929.916251,Quartz Vein,,15.64,2.99
445823.702796,494229.310095,3020.561578,Granodiorite,,0.25,2.28
445356.541135,494267.929879,2968.985561,Quartz Vein,,22.33,3.33
445833.10903,494147.540343,3016.522479,Rhyolite,,0.14,2.5
445679.970281,494567.550733,2864.639765,Sericite Alteration,,10.58,2.83
445718.41385,494550.018636,2872.86925,Quartz Vein,,10.99,2.57
445573.96564,494494.547465,2871.585603,Sericite Alteration,4.1,8.84,2.61
445720.422344,494406.920596,3132.118801,Rhyolite,,0.04,2.39
445488.062767,494125.803902,2934.911519,Chlorite Alteration,3.5,8.45,2.87
445168.005153,494235.387486,3003.517828,Quartz Vein,,15.9,3.13
445283.810087,494184.955038,3058.171841,Quartz Vein,,12.06,2.69
445300.202797,494249.430037,2903.805545,Quartz Vein,,18.85,3.05
445712.510483,494428.394452,2938.112301,Sericite Alteration,,7.87,2.69
445372.343142,494186.464028,2948.458196,Quartz Vein,,20.95,3.06
445587.819658,494439.803155,2969.073504,Chlorite Alteration,,5.9,2.67
445776.916732,494150.150957,2988.657301,Basalt,,0.45,2.44
