pid,X,Y,Z,Type,Comment,Digitised_by
1,1894.389234,1410.648714,335.6109385,Path,,GO
1,1916.434587,1406.116025,329.7349607,Path,,GO
1,1938.483021,1401.582703,323.8441676,Path,,GO
1,1960.513519,1397.053068,317.8721006,Path,,GO
1,1982.505068,1392.531441,311.752301,Path,,GO
1,2004.436652,1388.022144,305.4183102,Path,,GO
1,2026.287257,1383.529495,298.8036694,Path,,GO
1,2048.035869,1379.057818,291.8419202,Path,,GO
1,2069.661472,1374.611432,284.4666037,Path,,GO
1,2102.41941,1367.870055,272.6239309,Path,,GO
1,2135.13049,1361.129845,260.4427512,Path,,GO
1,2167.87083,1354.380746,248.2256438,Path,,GO
1,2200.716553,1347.612704,236.2751882,Path,,GO
1,2233.743777,1340.815663,224.893964,Path,,GO
1,2267.028622,1333.979568,214.3845504,Path,,GO
1,2300.647209,1327.094365,205.049527,Path,,GO
1,2334.675658,1320.149997,197.1914731,Path,,GO
1,2365.736784,1313.362694,191.0072804,Path,,GO
1,2397.138367,1306.461354,185.7066061,Path,,GO
1,2428.972676,1300.743877,182.1622262,Path,,GO
1,2461.331983,1297.508162,181.2469163,Path,,GO
1,2463.076615,1297.359802,181.297948,Path,,GO
1,2465.164869,1297.084227,181.3823057,Path,,GO
1,2470.177369,1296.274814,181.6333774,Path,,GO
1,2482.182199,1294.486604,182.3415927,Path,,GO
1,2494.228445,1294.117628,183.0896125,Path,,GO
1,2499.292717,1295.082257,183.3904398,Path,,GO
1,2503.198083,1297.14198,183.595487,Path,,GO
1,2505.103731,1299.339025,183.7086391,Path,,GO
1,2506.536106,1302.150811,183.8448001,Path,,GO
1,2508.336129,1308.874885,184.1521506,Path,,GO
1,2509.308343,1315.826756,184.4495428,Path,,GO
1,2510.16294,1321.518979,184.6689809,Path,,GO
1,2513.300497,1343.784781,185.2552016,Path,,GO
1,2515.652787,1369.139848,186.2145767,Path,,GO
1,2519.806699,1393.701475,188.3620367,Path,,GO
1,2523.367666,1404.471404,190.1359645,Path,,GO
1,2528.349122,1413.586957,192.5125125,Path,,GO
1,2544.154096,1436.356691,200.4617144,Path,,GO
1,2559.334429,1459.260761,209.0129853,Path,,GO
1,2574.114889,1482.25996,217.9360419,Path,,GO
1,2588.720244,1505.315084,227.0006007,Path,,GO
1,2603.375263,1528.386928,235.9763784,Path,,GO
1,2618.304712,1551.436284,244.6330915,Path,,GO
1,2633.733362,1574.423949,252.7404568,Path,,GO
1,2649.885978,1597.310717,260.0681908,Path,,GO
1,2664.978044,1617.270706,266.2492324,Path,,GO
1,2680.590905,1636.798361,272.5584046,Path,,GO
1,2696.409587,1656.146465,278.9169209,Path,,GO
1,2712.119114,1675.567798,285.2459948,Path,,GO
1,2726.210731,1690.618374,290.7456756,Path,,GO
1,2737.978244,1707.388677,296.7288926,Path,,GO
1,2744.599708,1724.366933,302.4138429,Path,,GO
1,2750.905801,1741.3164,308.7346258,Path,,GO
1,2756.928052,1758.241433,315.612785,Path,,GO
1,2762.697992,1775.146391,322.9698641,Path,,GO
1,2768.247149,1792.03563,330.7274068,Path,,GO
1,2773.607054,1808.913509,338.8069567,Path,,GO
1,2778.809236,1825.784384,347.1300574,Path,,GO
1,2783.885224,1842.652613,355.6182526,Path,,GO
1,2788.866549,1859.522553,364.1930859,Path,,GO
1,2793.784741,1876.398562,372.7761011,Path,,GO
1,2798.671327,1893.284997,381.2888416,Path,,GO
1,2803.55784,1910.186214,389.6528513,Path,,GO
1,2808.475807,1927.106573,397.7896737,Path,,GO
1,2813.456758,1944.050429,405.6208525,Path,,GO
1,2818.532224,1961.02214,413.0679312,Path,,GO
1,2823.733734,1978.026064,420.0524537,Path,,GO
1,2830.005368,1998.183222,427.9731665,Path,,GO
1,2836.353419,2018.334039,435.8473028,Path,,GO
1,2842.81024,2038.443904,443.7319853,Path,,GO
1,2849.408186,2058.478205,451.6843369,Path,,GO
1,2856.179611,2078.402332,459.7614806,Path,,GO
1,2863.156867,2098.181674,468.0205392,Path,,GO
1,2870.372309,2117.781621,476.5186356,Path,,GO
1,2877.858292,2137.167562,485.3128927,Path,,GO
1,2889.358003,2165.974888,498.8351494,Path,,GO
1,2901.287759,2191.611799,511.810643,Path,,GO
1,2916.185066,2214.77276,525.582686,Path,,GO
1,2936.587433,2236.152238,541.4945911,Path,,GO
2,343.9904287,543.8700142,245.8520437,Path,,GO
2,358.1707299,561.7956089,252.2147085,Path,,GO
2,372.3085259,579.7198666,258.7064764,Path,,GO
2,386.4134981,597.6236297,265.3437615,Path,,GO
2,400.495328,615.4877411,272.1429777,Path,,GO
2,414.5636972,633.2930433,279.1205392,Path,,GO
2,428.6282872,651.020379,286.2928598,Path,,GO
2,442.6987794,668.6505909,293.6763537,Path,,GO
2,456.7848554,686.1645217,301.2874348,Path,,GO
2,470.9408438,703.1685524,309.1739382,Path,,GO
2,485.1784062,720.03661,317.3602981,Path,,GO
2,498.9406874,737.2788161,325.5522538,Path,,GO
2,511.670832,755.4052922,333.455545,Path,,GO
2,524.6540851,776.9943224,342.0001636,Path,,GO
2,536.6794477,799.3945927,350.4097862,Path,,GO
2,548.0005964,822.36772,358.7316741,Path,,GO
2,558.8712081,845.6753214,367.0130882,Path,,GO
2,569.5449595,869.0790141,375.3012898,Path,,GO
2,580.2755272,892.3404149,383.64354,Path,,GO
2,591.316588,915.221141,392.0870998,Path,,GO
2,602.9218187,937.4828094,400.6792306,Path,,GO
2,613.577066,955.8966826,408.2192133,Path,,GO
2,624.941941,973.7443964,415.8680343,Path,,GO
2,636.8960501,991.1719739,423.4917441,Path,,GO
2,649.3189996,1008.325438,430.9563936,Path,,GO
2,662.0903962,1025.350812,438.1280333,Path,,GO
2,675.0898462,1042.394119,444.8727142,Path,,GO
2,688.1969561,1059.601382,451.0564868,Path,,GO
2,701.2913322,1077.118624,456.5454019,Path,,GO
2,710.9554752,1090.281178,460.2780343,Path,,GO
2,720.6059849,1103.491514,463.9262058,Path,,GO
2,730.2464823,1116.742244,467.4999186,Path,,GO
2,739.880588,1130.025978,471.0091748,Path,,GO
2,749.5119229,1143.33533,474.4639766,Path,,GO
2,759.1441079,1156.66291,477.8743261,Path,,GO
2,768.7807636,1170.00133,481.2502255,Path,,GO
2,778.425511,1183.343203,484.6016769,Path,,GO
2,788.0819709,1196.681139,487.9386824,Path,,GO
2,797.7537639,1210.007752,491.2712442,Path,,GO
2,807.4445111,1223.315652,494.6093644,Path,,GO
2,817.1578331,1236.597451,497.9630452,Path,,GO
2,826.8973507,1249.845762,501.3422888,Path,,GO
2,836.6666849,1263.053195,504.7570972,Path,,GO
2,846.4694563,1276.212363,508.2174726,Path,,GO
2,856.3092858,1289.315878,511.7334171,Path,,GO
2,871.9667488,1310.400164,516.5355067,Path,,GO
2,888.6177282,1332.377629,520.7326834,Path,,GO
2,906.1428135,1353.483558,525.3309302,Path,,GO
2,924.4225939,1371.953237,531.3362301,Path,,GO
2,939.3990165,1383.050513,537.5040726,Path,,GO
2,955.725934,1392.092952,544.8154749,Path,,GO
2,972.5242971,1400.094478,552.3828634,Path,,GO
2,988.9150567,1408.069016,559.3186644,Path,,GO
3,1195.290938,1500.938162,519.2553164,Path,,GO
3,1208.787277,1499.09296,515.7853679,Path,,GO
3,1222.253959,1497.251812,512.1160119,Path,,GO
3,1235.710385,1495.412066,508.3553119,Path,,GO
3,1249.175954,1493.57107,504.6113315,Path,,GO
3,1262.670066,1491.726172,500.9921343,Path,,GO
3,1276.212121,1489.874719,497.6057836,Path,,GO
3,1289.821519,1488.014059,494.5603432,Path,,GO
3,1303.51766,1486.14154,491.9638764,Path,,GO
3,1314.985789,1484.573632,490.4109951,Path,,GO
3,1326.486315,1483.001294,489.1251531,Path,,GO
3,1339.676116,1481.198001,487.506353,Path,,GO
3,1352.864596,1479.394889,485.8545798,Path,,GO
3,1366.044044,1477.593011,484.131739,Path,,GO
3,1379.20675,1475.793422,482.2997364,Path,,GO
3,1389.755494,1474.351211,480.6887076,Path,,GO
3,1400.275039,1472.912992,478.9146648,Path,,GO
3,1410.766763,1471.478576,476.989531,Path,,GO
3,1421.232045,1470.047776,474.9252296,Path,,GO
3,1431.672263,1468.620403,472.7336837,Path,,GO
3,1442.088795,1467.196268,470.4268166,Path,,GO
3,1452.48302,1465.775182,468.0165516,Path,,GO
3,1462.856317,1464.356958,465.5148119,Path,,GO
3,1472.309609,1463.064516,463.1778735,Path,,GO
3,1481.756373,1461.772966,460.8088205,Path,,GO
3,1491.196257,1460.482357,458.4075051,Path,,GO
3,1500.628907,1459.192737,455.9737796,Path,,GO
3,1510.053972,1457.904154,453.5074963,Path,,GO
3,1519.4711,1456.616656,451.0085076,Path,,GO
3,1528.879937,1455.330292,448.4766656,Path,,GO
3,1538.280132,1454.045109,445.9118228,Path,,GO
3,1547.671333,1452.761156,443.3138313,Path,,GO
3,1557.053186,1451.478481,440.6825436,Path,,GO
3,1566.425341,1450.197131,438.0178118,Path,,GO
3,1575.787443,1448.917156,435.3194883,Path,,GO
3,1585.139142,1447.638604,432.5874254,Path,,GO
3,1594.480084,1446.361522,429.8214754,Path,,GO
3,1603.809917,1445.085958,427.0214905,Path,,GO
3,1613.12829,1443.811962,424.1873231,Path,,GO
3,1629.131876,1441.623971,419.2306833,Path,,GO
3,1645.107286,1439.439833,414.1865468,Path,,GO
3,1661.062127,1437.258507,409.078389,Path,,GO
3,1677.004006,1435.078953,403.9296851,Path,,GO
3,1692.940531,1432.900132,398.7639104,Path,,GO
3,1708.879309,1430.721002,393.6045404,Path,,GO
3,1724.827947,1428.540524,388.4750503,Path,,GO
3,1740.794054,1426.357658,383.3989154,Path,,GO
3,1755.104367,1424.40117,378.9215969,Path,,GO
3,1769.446105,1422.440385,374.5014256,Path,,GO
3,1783.811005,1420.476434,370.1267792,Path,,GO
3,1798.190806,1418.510446,365.786035,Path,,GO
3,1812.577244,1416.543551,361.4675705,Path,,GO
3,1826.962057,1414.576877,357.1597632,Path,,GO
3,1841.336982,1412.611555,352.8509905,Path,,GO
3,1855.693757,1410.648714,348.5296301,Path,,GO
4,336.2513332,1284.243487,234.0878169,Path,,GO
4,345.5444442,1295.37586,237.3981296,Path,,GO
4,354.815251,1306.481514,240.8188769,Path,,GO
4,364.0663221,1317.563527,244.3378536,Path,,GO
4,373.3002257,1328.624974,247.9428549,Path,,GO
4,382.51953,1339.668932,251.6216756,Path,,GO
4,391.7268033,1350.698478,255.3621106,Path,,GO
4,400.9246139,1361.716689,259.151955,Path,,GO
4,410.1155301,1372.72664,262.9790036,Path,,GO
4,419.3021201,1383.73141,266.8310514,Path,,GO
4,428.4869521,1394.734073,270.6958935,Path,,GO
4,437.6725946,1405.737707,274.5613246,Path,,GO
4,446.8616157,1416.745389,278.4151399,Path,,GO
4,456.0565837,1427.760194,282.2451341,Path,,GO
4,465.2600669,1438.7852,286.0391023,Path,,GO
4,474.4746336,1449.823483,289.7848395,Path,,GO
4,483.7028519,1460.87812,293.4701405,Path,,GO
4,492.6523737,1471.597824,296.9431223,Path,,GO
4,500.8717472,1481.441464,299.9848408,Path,,GO
4,508.5696755,1490.660168,302.658328,Path,,GO
4,515.9548618,1499.505066,305.0266157,Path,,GO
4,530.6218202,1517.077953,309.0997208,Path,,GO
4,538.3209984,1526.308199,310.930602,Path,,GO
4,546.5422469,1536.169153,312.7084115,Path,,GO
4,555.9310215,1546.741512,314.6728509,Path,,GO
4,566.1037723,1557.786368,316.902425,Path,,GO
4,575.8357962,1569.207532,319.241189,Path,,GO
4,583.9023903,1580.908816,321.5331979,Path,,GO
4,592.5889222,1602.263817,324.8532275,Path,,GO
4,598.8668523,1624.209761,328.7408711,Path,,GO
4,603.4130176,1640.693997,333.3110942,Path,,GO
4,607.2821583,1656.923023,339.1058444,Path,,GO
4,610.6057536,1672.901063,345.9347483,Path,,GO
4,613.5152823,1688.63234,353.6074326,Path,,GO
4,616.1422235,1704.121075,361.933524,Path,,GO
4,618.6180561,1719.371492,370.7226491,Path,,GO
4,621.074259,1734.387813,379.7844344,Path,,GO
4,623.6423113,1749.174261,388.9285068,Path,,GO
4,627.0093278,1767.692852,400.3766091,Path,,GO
4,630.3866782,1786.268279,411.7297465,Path,,GO
4,633.7744039,1804.900771,422.9858334,Path,,GO
4,637.1725467,1823.590556,434.1427842,Path,,GO
4,640.0791924,1839.577107,443.5742302,Path,,GO
4,642.9938705,1855.607837,452.9253055,Path,,GO
4,645.9163452,1871.681448,462.1980426,Path,,GO
4,648.8463804,1887.796641,471.394474,Path,,GO
4,651.7837401,1903.95212,480.516632,Path,,GO
4,654.7281885,1920.146586,489.5665493,Path,,GO
4,657.6794894,1936.378742,498.5462582,Path,,GO
4,660.6374071,1952.647289,507.4577912,Path,,GO
4,663.6017054,1968.95093,516.3031808,Path,,GO
4,666.5721485,1985.288367,525.0844595,Path,,GO
4,669.5485003,2001.658302,533.8036598,Path,,GO
4,672.530525,2018.059438,542.462814,Path,,GO
4,675.5179865,2034.490476,551.0639548,Path,,GO
4,678.5106488,2050.950118,559.6091145,Path,,GO
4,681.5082761,2067.437068,568.1003256,Path,,GO
4,684.5106323,2083.950026,576.5396206,Path,,GO
5,927.0022924,2181.978569,535.9428597,Path,,GO
5,938.8856556,2168.150655,529.7103455,Path,,GO
5,950.8044631,2154.281498,523.5184489,Path,,GO
5,962.713788,2140.423375,517.2249991,Path,,GO
5,974.5687038,2126.628564,510.6878258,Path,,GO
5,986.3242835,2112.949344,503.7647584,Path,,GO
5,997.9356007,2099.437993,496.3136263,Path,,GO
5,1009.357728,2086.14679,488.1922589,Path,,GO
5,1020.54574,2073.128012,479.2584858,Path,,GO
5,1027.017506,2065.597229,473.6055802,Path,,GO
5,1033.399157,2058.171309,467.7397313,Path,,GO
5,1039.702975,2050.835957,461.689972,Path,,GO
5,1045.941244,2043.57688,455.4853353,Path,,GO
5,1052.126249,2036.379784,449.1548541,Path,,GO
5,1058.270274,2029.230374,442.7275615,Path,,GO
5,1064.385601,2022.114357,436.2324903,Path,,GO
5,1070.484516,2015.017439,429.6986735,Path,,GO
5,1076.579302,2007.925325,423.155144,Path,,GO
5,1082.682242,2000.823722,416.6309349,Path,,GO
5,1088.805621,1993.698335,410.1550791,Path,,GO
5,1094.961723,1986.534871,403.7566095,Path,,GO
5,1101.162831,1979.319036,397.4645592,Path,,GO
5,1107.42123,1972.036535,391.3079609,Path,,GO
5,1113.749203,1964.673075,385.3158478,Path,,GO
5,1120.159033,1957.214361,379.5172528,Path,,GO
5,1127.759324,1948.388106,372.7894681,Path,,GO
5,1135.383808,1939.559835,366.0355293,Path,,GO
5,1143.040591,1930.706162,359.317665,Path,,GO
5,1150.737773,1921.803702,352.6981037,Path,,GO
5,1158.483459,1912.829071,346.2390739,Path,,GO
5,1166.28575,1903.758882,340.0028042,Path,,GO
5,1174.152749,1894.569752,334.0515231,Path,,GO
5,1182.092558,1885.238294,328.4474591,Path,,GO
5,1188.441629,1876.587733,324.2239288,Path,,GO
5,1194.805166,1867.175202,320.4270404,Path,,GO
5,1201.981542,1858.428933,316.9267353,Path,,GO
5,1210.769129,1851.77716,313.5929546,Path,,GO
5,1218.367266,1849.725037,311.2564496,Path,,GO
5,1226.916772,1849.869791,308.9852087,Path,,GO
5,1235.61093,1850.968229,307.0175968,Path,,GO
5,1243.643021,1851.77716,305.5919792,Path,,GO
5,1261.909899,1852.141444,303.5548722,Path,,GO
5,1280.297044,1852.136594,302.3678443,Path,,GO
5,1298.713221,1851.948667,301.5289476,Path,,GO
5,1317.067195,1851.763721,300.5362343,Path,,GO
5,1327.924543,1851.610497,299.6738662,Path,,GO
5,1338.759537,1851.342368,298.5750641,Path,,GO
5,1349.572703,1851.030192,297.2674542,Path,,GO
5,1360.364567,1850.744825,295.7786624,Path,,GO
5,1371.135658,1850.557125,294.136315,Path,,GO
5,1381.886502,1850.53795,292.3680379,Path,,GO
5,1392.617625,1850.758155,290.5014573,Path,,GO
5,1403.329555,1851.288599,288.5641993,Path,,GO
5,1419.217464,1852.947001,285.592331,Path,,GO
5,1435.040823,1855.285419,282.7355735,Path,,GO
5,1445.008862,1856.790575,281.0991223,Path,,GO
5,1455.000544,1858.269638,279.5693529,Path,,GO
5,1465.011902,1859.724996,278.1259936,Path,,GO
5,1475.038965,1861.159038,276.7487728,Path,,GO
5,1485.077767,1862.57415,275.4174187,Path,,GO
5,1495.124336,1863.972722,274.1116598,Path,,GO
5,1505.174707,1865.357143,272.8112243,Path,,GO
5,1515.224908,1866.729799,271.4958407,Path,,GO
5,1525.270972,1868.09308,270.1452371,Path,,GO
5,1535.30893,1869.449374,268.739142,Path,,GO
5,1545.334814,1870.801068,267.2572836,Path,,GO
5,1555.344654,1872.150552,265.6793904,Path,,GO
5,1565.334482,1873.500214,263.9851906,Path,,GO
5,1575.300329,1874.852441,262.1544126,Path,,GO
5,1585.238227,1876.209622,260.1667848,Path,,GO
5,1595.144207,1877.574145,258.0020353,Path,,GO
6,1391.348025,2403.832641,259.8645929,Path,,GO
6,1423.68412,2385.666037,247.0006448,Path,,GO
6,1440.657669,2376.867389,239.0247074,Path,,GO
6,1457.488295,2367.912111,230.3144702,Path,,GO
6,1473.666055,2358.540403,221.0911898,Path,,GO
6,1488.681008,2348.492466,211.5761231,Path,,GO
6,1513.182718,2325.328709,192.5556576,Path,,GO
6,1523.315527,2309.006545,182.1724959,Path,,GO
6,1531.565624,2291.165506,172.3150802,Path,,GO
6,1539.505997,2273.271348,162.2789279,Path,,GO
6,1548.709634,2256.789826,151.3595563,Path,,GO
6,1564.262147,2236.743818,134.4749067,Path,,GO
6,1581.744669,2218.648288,116.9768011,Path,,GO
6,1600.767279,2201.566381,100.0507473,Path,,GO
6,1620.940055,2184.561244,84.88225316,Path,,GO
6,1643.703134,2162.444483,73.09366635,Path,,GO
6,1657.036609,2152.278498,67.80477701,Path,,GO
6,1671.75102,2146.914632,62.20547255,Path,,GO
6,1692.660713,2145.304491,54.45653704,Path,,GO
6,1713.816193,2144.90427,47.39181301,Path,,GO
6,1735.275292,2144.626141,41.27577576,Path,,GO
6,1757.095841,2143.382279,36.37290059,Path,,GO
6,1783.535548,2144.202562,32.04382737,Path,,GO
6,1808.968048,2150.952305,29.34258458,Path,,GO
6,1833.334819,2162.401158,28.26268996,Path,,GO
6,1856.577341,2177.318769,28.79766125,Path,,GO
6,1878.63709,2194.474789,30.94101621,Path,,GO
6,1899.455546,2212.638865,34.68627258,Path,,GO
6,1918.974188,2230.580648,40.02694811,Path,,GO
6,1937.134493,2247.069786,46.95656055,Path,,GO
6,1958.220022,2266.269869,57.75785058,Path,,GO
6,1979.117885,2286.732986,70.93229393,Path,,GO
6,1999.537861,2308.362542,85.60536251,Path,,GO
6,2019.189732,2331.061942,100.9025282,Path,,GO
6,2037.783277,2354.734591,115.949263,Path,,GO
6,2055.028278,2379.283894,129.8710387,Path,,GO
6,2070.634515,2404.613256,141.7933274,Path,,GO
6,2084.311768,2430.626082,150.8416008,Path,,GO
6,2089.985665,2446.057485,153.7222432,Path,,GO
6,2093.648938,2463.473376,154.8886149,Path,,GO
6,2096.735978,2501.956222,154.7680817,Path,,GO
6,2097.15762,2541.469815,155.8590711,Path,,GO
6,2098.498594,2577.40935,163.5406531,Path,,GO
6,2100.534864,2601.376502,174.5210214,Path,,GO
6,2102.162757,2624.166427,187.7510907,Path,,GO
6,2103.454042,2646.08019,202.6231983,Path,,GO
6,2104.48049,2667.418857,218.5296816,Path,,GO
6,2105.313871,2688.483493,234.862878,Path,,GO
6,2106.025954,2709.575163,251.0151249,Path,,GO
6,2106.688511,2730.994934,266.3787597,Path,,GO
6,2107.373311,2753.043869,280.3461198,Path,,GO
6,2106.961491,2779.451935,293.165558,Path,,GO
6,2105.80279,2808.455475,303.8166373,Path,,GO
6,2106.356999,2837.891913,313.1487256,Path,,GO
6,2111.083909,2865.598675,322.0111906,Path,,GO
6,2123.118167,2893.440518,332.3589019,Path,,GO
6,2140.531273,2921.088443,343.7230839,Path,,GO
6,2159.565721,2947.802827,354.9256006,Path,,GO
6,2176.464003,2972.844048,364.7883163,Path,,GO
6,2188.977731,2993.069825,372.4895114,Path,,GO
6,2201.728932,3013.032634,380.5630336,Path,,GO
6,2214.712981,3032.765706,388.9084095,Path,,GO
6,2227.925251,3052.302272,397.4251656,Path,,GO
6,2241.361116,3071.675564,406.0128285,Path,,GO
6,2255.01595,3090.918813,414.5709246,Path,,GO
6,2268.885127,3110.06525,422.9989806,Path,,GO
6,2282.964021,3129.148107,431.1965229,Path,,GO
6,2297.248006,3148.200615,439.0630782,Path,,GO
6,2311.732455,3167.256005,446.4981728,Path,,GO
6,2326.412743,3186.347509,453.4013333,Path,,GO
6,2341.284242,3205.508359,459.6720864,Path,,GO
6,2356.342328,3224.771784,465.2099584,Path,,GO
6,2371.582374,3244.171018,469.914476,Path,,GO
6,2386.999754,3263.739291,473.6851656,Path,,GO
6,2402.589841,3283.509834,476.4215538,Path,,GO
7,2670.878486,3293.828628,573.0785906,Path,,GO
7,2666.587716,3281.033253,574.0221601,Path,,GO
7,2662.350162,3268.182027,574.9304035,Path,,GO
7,2658.130248,3255.297714,575.7623808,Path,,GO
7,2653.892399,3242.403079,576.477152,Path,,GO
7,2649.601037,3229.520883,577.0337771,Path,,GO
7,2645.220586,3216.673891,577.3913161,Path,,GO
7,2640.715469,3203.884867,577.5088291,Path,,GO
7,2636.050111,3191.176573,577.345376,Path,,GO
7,2631.517634,3181.021564,576.7402199,Path,,GO
7,2626.429828,3170.158677,575.779218,Path,,GO
7,2622.647248,3158.97345,575.0161657,Path,,GO
7,2622.030448,3147.851419,575.0048586,Path,,GO
7,2625.993741,3134.818566,576.4863597,Path,,GO
7,2632.762259,3122.64745,578.830321,Path,,GO
7,2640.550666,3110.980216,580.9273508,Path,,GO
7,2647.573624,3099.459011,581.6680569,Path,,GO
7,2651.770222,3090.319941,580.6813022,Path,,GO
7,2655.584698,3081.131063,578.641713,Path,,GO
7,2659.930004,3072.300272,576.2148701,Path,,GO
7,2665.719089,3064.23546,574.066354,Path,,GO
7,2674.852565,3055.595568,571.805448,Path,,GO
7,2685.175466,3048.144045,569.3930985,Path,,GO
7,2696.181795,3041.781133,566.7990137,Path,,GO
7,2707.365555,3036.407073,563.9929016,Path,,GO
7,2720.945189,3031.023427,560.3901999,Path,,GO
7,2734.849798,3026.636375,556.7108838,Path,,GO
7,2749.02831,3023.10507,553.0684859,Path,,GO
7,2763.42965,3020.288667,549.5765384,Path,,GO
7,2778.002745,3018.04632,546.3485738,Path,,GO
7,2792.696522,3016.237182,543.4981244,Path,,GO
7,2807.459906,3014.720408,541.1387225,Path,,GO
7,2822.241826,3013.355151,539.3839007,Path,,GO
7,2834.913527,3012.28385,538.449287,Path,,GO
7,2847.567762,3011.362051,538.0313477,Path,,GO
7,2860.206591,3010.586565,538.066125,Path,,GO
7,2872.832074,3009.954207,538.4896611,Path,,GO
7,2885.446271,3009.461787,539.237998,Path,,GO
7,2898.05124,3009.10612,540.247178,Path,,GO
7,2910.649042,3008.884018,541.4532433,Path,,GO
7,2923.241735,3008.792293,542.7922358,Path,,GO
7,2935.83138,3008.827757,544.2001979,Path,,GO
7,2948.420037,3008.987225,545.6131716,Path,,GO
7,2961.009764,3009.267508,546.9671992,Path,,GO
7,2973.602621,3009.665419,548.1983226,Path,,GO
7,2986.200668,3010.177771,549.2425843,Path,,GO
7,2998.805965,3010.801376,550.0360261,Path,,GO
7,3011.420571,3011.533047,550.5146904,Path,,GO
7,3024.046546,3012.369597,550.6146193,Path,,GO
7,3036.005972,3013.261592,550.425274,Path,,GO
7,3047.996145,3014.217513,550.0572701,Path,,GO
7,3060.00354,3015.174958,549.4966039,Path,,GO
7,3072.014631,3016.071521,548.7292718,Path,,GO
7,3084.01589,3016.8448,547.7412703,Path,,GO
7,3095.993793,3017.43239,546.5185957,Path,,GO
7,3107.934812,3017.771887,545.0472444,Path,,GO
7,3119.825422,3017.800887,543.3132129,Path,,GO
7,3136.399598,3017.085649,540.2776244,Path,,GO
7,3153.143775,3016.097682,536.941926,Path,,GO
7,3169.976967,3015.961317,534.1762255,Path,,GO
7,3186.818189,3017.800887,532.8506309,Path,,GO
7,3199.880509,3021.01619,533.1288732,Path,,GO
7,3212.624022,3025.435901,534.321639,Path,,GO
7,3225.092594,3030.781608,536.2210555,Path,,GO
7,3237.330095,3036.774903,538.6192503,Path,,GO
7,3249.380392,3043.137375,541.3083507,Path,,GO
7,3261.287351,3049.590615,544.0804839,Path,,GO
7,3273.094842,3055.856214,546.7277776,Path,,GO
7,3284.846732,3061.655762,549.0423589,Path,,GO
8,3284.846732,2708.237066,584.3459415,Path,,GO
8,3270.288522,2709.367069,584.5804191,Path,,GO
8,3255.353511,2711.214928,583.5269896,Path,,GO
8,3240.191722,2713.290639,581.5616056,Path,,GO
8,3224.95318,2715.104198,579.0602198,Path,,GO
8,3209.787908,2716.165603,576.3987847,Path,,GO
8,3194.84593,2715.98485,573.953253,Path,,GO
8,3180.27727,2714.071935,572.0995774,Path,,GO
8,3166.231951,2709.936856,571.2137105,Path,,GO
8,3150.582734,2701.097134,573.2582647,Path,,GO
8,3136.441319,2690.538134,577.2265468,Path,,GO
8,3128.149321,2684.686117,579.0906845,Path,,GO
8,3119.678007,2679.029928,580.5851157,Path,,GO
8,3111.098645,2673.47609,581.845021,Path,,GO
8,3102.482501,2667.93113,583.0055809,Path,,GO
8,3086.173579,2657.55822,584.9782288,Path,,GO
8,3069.683653,2647.239096,586.5207686,Path,,GO
8,3053.188766,2636.804263,587.5781497,Path,,GO
8,3036.864961,2626.084223,588.0953214,Path,,GO
8,3020.88828,2614.909482,588.0172334,Path,,GO
8,3005.434767,2603.110543,587.288835,Path,,GO
8,2990.680464,2590.517909,585.8550757,Path,,GO
8,2976.801415,2576.962086,583.660905,Path,,GO
8,2967.729442,2567.04375,581.7204301,Path,,GO
8,2958.968566,2556.650965,579.5010033,Path,,GO
8,2950.644289,2545.805586,577.0668107,Path,,GO
8,2942.882115,2534.529472,574.4820382,Path,,GO
8,2935.807547,2522.844477,571.8108718,Path,,GO
8,2929.546087,2510.772458,569.1174976,Path,,GO
8,2924.223239,2498.335272,566.4661015,Path,,GO
8,2919.964506,2485.554776,563.9208695,Path,,GO
8,2917.478826,2475.606028,562.1239896,Path,,GO
8,2915.5524,2465.509648,560.4727151,Path,,GO
8,2914.05941,2455.304844,558.9291657,Path,,GO
8,2912.874042,2445.030827,557.4554611,Path,,GO
8,2911.870479,2434.726804,556.013721,Path,,GO
8,2910.922907,2424.431984,554.566065,Path,,GO
8,2909.90551,2414.185575,553.0746127,Path,,GO
8,2908.692471,2404.026787,551.501484,Path,,GO
8,2905.11324,2387.83004,548.1562199,Path,,GO
8,2900.330232,2370.780248,544.0447986,Path,,GO
8,2897.028215,2353.537149,540.5421144,Path,,GO
8,2897.891955,2336.76048,539.0230617,Path,,GO
8,2903.815753,2321.195385,540.0105371,Path,,GO
8,2912.720138,2306.78081,542.478906,Path,,GO
8,2922.78524,2293.154043,545.4810554,Path,,GO
8,2932.191191,2279.95237,548.0698719,Path,,GO
8,2942.441914,2264.04156,550.2873903,Path,,GO
8,2952.701468,2248.273356,551.9483189,Path,,GO
8,2963.148986,2232.737133,553.1085885,Path,,GO
8,2973.963603,2217.522268,553.8241298,Path,,GO
8,2985.324452,2202.718139,554.1508734,Path,,GO
8,2997.410669,2188.414122,554.1447502,Path,,GO
8,3010.401386,2174.699593,553.8616907,Path,,GO
8,3024.475739,2161.66393,553.3576258,Path,,GO
8,3038.885031,2149.269852,552.2142977,Path,,GO
8,3053.351383,2137.035731,550.122357,Path,,GO
8,3067.963347,2125.072133,547.3334526,Path,,GO
8,3082.809473,2113.489625,544.099233,Path,,GO
8,3097.978311,2102.398773,540.6713468,Path,,GO
8,3113.558412,2091.910141,537.3014428,Path,,GO
8,3129.638326,2082.134297,534.2411696,Path,,GO
8,3146.306603,2073.181806,531.7421759,Path,,GO
8,3161.30379,2066.297001,530.235497,Path,,GO
8,3176.706387,2060.293102,529.3696895,Path,,GO
8,3192.412835,2054.984168,529.063565,Path,,GO
8,3208.321574,2050.184259,529.2359354,Path,,GO
8,3224.331044,2045.707434,529.8056127,Path,,GO
8,3240.339684,2041.367752,530.6914085,Path,,GO
8,3256.245937,2036.979273,531.8121348,Path,,GO
8,3271.94824,2032.356056,533.0866033,Path,,GO
9,3277.107637,1681.517058,523.4782799,Path,,GO
9,3250.464927,1663.727677,519.6475302,Path,,GO
9,3223.784158,1645.79925,515.5894832,Path,,GO
9,3197.108243,1628.101787,510.6592653,Path,,GO
9,3170.480098,1611.005299,504.2120028,Path,,GO
9,3155.226779,1601.954329,499.4754323,Path,,GO
9,3139.854849,1592.836959,494.2200558,Path,,GO
9,3125.130578,1582.605723,489.3701606,Path,,GO
9,3111.820235,1570.213157,485.8500337,Path,,GO
9,3094.587402,1548.041772,483.056889,Path,,GO
9,3079.492688,1524.092847,481.6274923,Path,,GO
9,3065.402674,1499.483679,480.4271077,Path,,GO
9,3051.183942,1475.331564,478.3209989,Path,,GO
9,3039.765779,1459.38133,474.2025642,Path,,GO
9,3027.692487,1444.254238,467.5253646,Path,,GO
9,3016.773684,1428.495095,460.5033129,Path,,GO
9,3008.818991,1410.648714,455.3503222,Path,,GO
9,3006.387661,1398.804237,454.046384,Path,,GO
9,3005.423121,1385.274377,453.821518,Path,,GO
9,3006.527731,1355.306954,455.4006301,Path,,GO
9,3009.399462,1325.043342,457.6709133,Path,,GO
9,3011.304953,1298.780437,458.2156223,Path,,GO
9,3011.972642,1266.513114,456.1052526,Path,,GO
9,3012.555274,1234.380709,453.2176127,Path,,GO
9,3013.095657,1202.330067,449.9409285,Path,,GO
9,3013.636598,1170.308032,446.6634255,Path,,GO
9,3014.220903,1138.261447,443.7733295,Path,,GO
9,3014.891381,1106.137158,441.6588662,Path,,GO
9,3015.690839,1073.882009,440.7082613,Path,,GO
9,3016.662084,1041.442843,441.3097405,Path,,GO
9,3018.771157,1021.932583,443.1983729,Path,,GO
9,3023.318134,1003.434298,446.6198274,Path,,GO
9,3029.619373,985.6408881,451.0017598,Path,,GO
9,3036.991234,968.2452507,455.7718257,Path,,GO
9,3044.750075,950.9402846,460.3576811,Path,,GO
9,3052.212257,933.4188882,464.1869816,Path,,GO
9,3058.694138,915.37396,466.687383,Path,,GO
9,3063.512079,896.4983985,467.2865412,Path,,GO
9,3067.53517,871.9513886,466.0851445,Path,,GO
9,3070.363805,847.321453,464.0115924,Path,,GO
9,3072.377346,822.6394809,461.3071433,Path,,GO
9,3073.955156,797.9363613,458.2130557,Path,,GO
9,3075.476598,773.2429833,454.9705879,Path,,GO
9,3077.321036,748.590236,451.8209985,Path,,GO
9,3079.86783,724.0090086,449.0055457,Path,,GO
9,3083.496345,699.5301902,446.765488,Path,,GO
9,3088.744894,672.8165238,445.0055224,Path,,GO
9,3094.981538,646.7130185,443.852942,Path,,GO
9,3102.204137,621.2148934,443.2842215,Path,,GO
9,3110.410552,596.3173675,443.2758352,Path,,GO
9,3119.598646,572.01566,443.8042579,Path,,GO
9,3129.766279,548.3049897,444.8459639,Path,,GO
9,3140.911312,525.1805758,446.3774279,Path,,GO
9,3153.031607,502.6376374,448.3751244,Path,,GO
9,3166.125025,480.6713934,450.815528,Path,,GO
9,3180.189427,459.2770629,453.6751132,Path,,GO
9,3195.222674,438.449865,456.9303545,Path,,GO
9,3211.222628,418.1850186,460.5577265,Path,,GO
9,3228.187149,398.477743,464.5337037,Path,,GO
9,3246.1141,379.323257,468.8347607,Path,,GO
9,3265.00134,360.7167798,473.437372,Path,,GO
9,3284.846732,342.6535303,478.3180122,Path,,GO
10,937.3210864,342.6535303,453.3270453,Path,,GO
10,930.0858316,387.6332168,460.470567,Path,,GO
10,923.4477689,431.6582281,468.5345578,Path,,GO
10,917.5147673,475.0498802,477.2772995,Path,,GO
10,912.3946959,518.1294893,486.4570741,Path,,GO
10,908.1954235,561.2183714,495.8321636,Path,,GO
10,905.0248192,604.6378427,505.16085,Path,,GO
10,902.9907519,648.7092191,514.2014151,Path,,GO
10,902.2010907,693.7538169,522.7121409,Path,,GO
10,902.1849338,721.1098783,527.049332,Path,,GO
10,902.2940865,748.6253225,530.4785526,Path,,GO
10,902.5293356,776.2538007,533.2581756,Path,,GO
10,902.891468,803.9489636,535.6465738,Path,,GO
10,903.3812707,831.6644624,537.9021201,Path,,GO
10,903.9995305,859.3539481,540.2831876,Path,,GO
10,904.7470342,886.9710716,543.048149,Path,,GO
10,905.6245688,914.4694839,546.4553773,Path,,GO
10,906.9882615,950.8341298,551.6725089,Path,,GO
10,908.6569523,987.2061814,557.0571063,Path,,GO
10,910.7471395,1023.581471,562.3812679,Path,,GO
10,913.3753213,1059.955829,567.4170918,Path,,GO
10,916.6579959,1096.325089,571.9366761,Path,,GO
10,920.7116617,1132.685081,575.7121192,Path,,GO
10,925.6528169,1169.031638,578.5155192,Path,,GO
10,931.5979598,1205.360592,580.1189742,Path,,GO
10,935.896095,1228.114217,580.4143807,Path,,GO
10,940.9203208,1251.854426,580.1677362,Path,,GO
10,946.7400833,1276.293747,579.3778686,Path,,GO
10,953.4248288,1301.144706,578.043606,Path,,GO
10,961.0440034,1326.119834,576.1637764,Path,,GO
10,969.6670535,1350.931656,573.7372078,Path,,GO
10,979.3634251,1375.292702,570.7627282,Path,,GO
10,990.2025645,1398.9155,567.2391656,Path,,GO
10,1002.253918,1421.512577,563.1653481,Path,,GO
10,1015.586932,1442.796461,558.5401037,Path,,GO
10,1030.271052,1462.47968,553.3622603,Path,,GO
10,1046.375724,1480.274762,547.630646,Path,,GO
10,1063.970396,1495.894236,541.3440888,Path,,GO
10,1083.124512,1509.050629,534.5014167,Path,,GO
10,1103.90752,1519.456469,527.1014578,Path,,GO
10,1126.388865,1526.824284,519.1430399,Path,,GO
10,1136.071294,1528.114185,516.3467441,Path,,GO
10,1146.209423,1527.486199,514.5433675,Path,,GO
10,1167.457282,1521.34168,513.5465568,Path,,GO
10,1189.341437,1510.120948,515.4149785,Path,,GO
10,1211.070885,1495.554226,519.4110032,Path,,GO
10,1231.854622,1479.371736,524.7970015,Path,,GO
10,1250.901645,1463.303699,530.835344,Path,,GO
10,1267.420949,1449.080339,536.7884013,Path,,GO
10,1280.621531,1438.431877,541.9185439,Path,,GO
10,1317.196676,1412.321154,553.3087375,Path,,GO
10,1353.481464,1387.446875,559.0877317,Path,,GO
10,1389.426864,1363.109785,560.3398225,Path,,GO
10,1424.983844,1338.610631,558.149306,Path,,GO
10,1460.103373,1313.250155,553.6004785,Path,,GO
10,1494.736419,1286.329105,547.777636,Path,,GO
10,1528.833952,1257.148223,541.7650748,Path,,GO
10,1562.346941,1225.008257,536.6470909,Path,,GO
10,1589.85196,1196.788097,532.8087542,Path,,GO
10,1617.534142,1168.812214,528.1117347,Path,,GO
10,1645.814704,1141.82306,522.0540374,Path,,GO
10,1675.114861,1116.563084,514.1336672,Path,,GO
10,1695.762741,1100.977163,508.0186129,Path,,GO
10,1717.155683,1086.559615,501.9287586,Path,,GO
10,1739.090999,1072.942323,495.9913808,Path,,GO
10,1761.365998,1059.757168,490.3337558,Path,,GO
10,1783.777994,1046.636031,485.0831603,Path,,GO
10,1806.124297,1033.210795,480.3668705,Path,,GO
10,1828.202219,1019.11334,476.3121629,Path,,GO
10,1849.80907,1003.975549,473.0463139,Path,,GO
10,1869.980824,987.9794697,470.7480645,Path,,GO
10,1889.534394,970.6219269,469.1905489,Path,,GO
10,1908.57958,952.2543318,468.2058838,Path,,GO
10,1927.22618,933.2280953,467.6261859,Path,,GO
10,1945.583992,913.8946288,467.2835718,Path,,GO
10,1963.762815,894.6053433,467.0101582,Path,,GO
10,1981.872447,875.71165,466.6380617,Path,,GO
10,2000.022687,857.5649601,465.9993989,Path,,GO
10,2017.936885,840.7670891,465.0110492,Path,,GO
10,2036.510741,824.2005404,463.6819511,Path,,GO
10,2055.460816,807.7243874,462.0801539,Path,,GO
10,2074.503669,791.1977036,460.2737068,Path,,GO
10,2093.355863,774.4795625,458.3306591,Path,,GO
10,2111.733956,757.4290378,456.3190601,Path,,GO
10,2129.354511,739.9052027,454.306959,Path,,GO
10,2145.934087,721.767131,452.362405,Path,,GO
10,2154.016913,709.0901407,452.0134167,Path,,GO
10,2159.504077,694.6536667,452.8118861,Path,,GO
10,2167.933409,665.6074031,454.9907006,Path,,GO
10,2178.234972,635.9136235,456.0207272,Path,,GO
10,2188.496891,606.0743818,456.5565279,Path,,GO
10,2198.922335,576.2881981,456.5535581,Path,,GO
10,2209.714474,546.7535922,455.9672736,Path,,GO
10,2225.485447,515.8798535,452.9670559,Path,,GO
10,2245.986284,487.588594,447.1181468,Path,,GO
10,2267.853721,460.4486243,440.1686261,Path,,GO
10,2287.724491,433.0287546,433.866574,Path,,GO
10,2301.423303,407.3619397,430.1080543,Path,,GO
10,2312.201404,380.1964028,427.9094178,Path,,GO
10,2321.399496,352.3387632,426.6553838,Path,,GO
10,2330.358283,324.5956407,425.7306721,Path,,GO
11,2004.026421,332.9796609,530.6804727,Path,,GO
11,1991.581739,360.3940616,532.3206415,Path,,GO
11,1979.03612,387.4474152,533.8575806,Path,,GO
11,1966.367973,414.171356,535.3036086,Path,,GO
11,1953.555708,440.5975183,536.6710441,Path,,GO
11,1940.577732,466.7575363,537.9722054,Path,,GO
11,1927.412456,492.6830444,539.2194114,Path,,GO
11,1914.038289,518.4056766,540.4249804,Path,,GO
11,1900.43364,543.9570674,541.601231,Path,,GO
11,1886.576917,569.368851,542.7604818,Path,,GO
11,1872.44653,594.6726617,543.9150513,Path,,GO
11,1858.020889,619.9001336,545.0772582,Path,,GO
11,1843.278401,645.0829011,546.2594209,Path,,GO
11,1828.197477,670.2525985,547.4738579,Path,,GO
11,1812.756526,695.44086,548.732888,Path,,GO
11,1796.933956,720.6793198,550.0488295,Path,,GO
11,1780.708177,745.9996122,551.4340011,Path,,GO
11,1769.871601,763.2247847,552.2900681,Path,,GO
11,1759.269701,780.7685765,553.0127225,Path,,GO
11,1748.717518,798.4509997,553.6968125,Path,,GO
11,1738.030091,816.0920664,554.4371859,Path,,GO
11,1727.022458,833.5117889,555.3286911,Path,,GO
11,1715.509659,850.5301791,556.466176,Path,,GO
11,1703.306733,866.9672492,557.9444888,Path,,GO
11,1690.228719,882.6430114,559.8584775,Path,,GO
11,1673.919417,900.7018446,562.5659101,Path,,GO
11,1657.022329,918.9117246,565.6342572,Path,,GO
11,1639.657153,937.1015116,569.1193808,Path,,GO
11,1621.943591,955.1000661,573.0771431,Path,,GO
11,1604.001343,972.7362482,577.5634063,Path,,GO
11,1585.950109,989.8389183,582.6340324,Path,,GO
11,1567.909589,1006.236937,588.3448836,Path,,GO
11,1549.999483,1021.759164,594.7518221,Path,,GO
11,1527.157067,1038.958206,603.847381,Path,,GO
11,1503.163417,1055.009273,613.4169559,Path,,GO
11,1479.345426,1071.852428,621.793154,Path,,GO
11,1457.02999,1091.427729,627.308582,Path,,GO
11,1437.51801,1115.983468,628.2362048,Path,,GO
11,1421.203372,1143.179248,625.6361979,Path,,GO
11,1405.46019,1170.721564,622.4551236,Path,,GO
11,1387.662577,1196.316913,621.6395441,Path,,GO
11,1375.017736,1210.150053,623.2331506,Path,,GO
11,1360.687211,1223.326819,626.0680837,Path,,GO
11,1345.020701,1235.817318,629.6266868,Path,,GO
11,1328.367907,1247.591663,633.3913034,Path,,GO
11,1311.078528,1258.619961,636.8442767,Path,,GO
11,1293.502262,1268.872323,639.4679503,Path,,GO
11,1275.98881,1278.318859,640.7446675,Path,,GO
11,1258.88787,1286.929679,640.1567717,Path,,GO
11,1255.648124,1288.610601,639.7267416,Path,,GO
11,1251.756033,1290.781608,639.0466827,Path,,GO
11,1242.367769,1296.243226,637.1048507,Path,,GO
11,1219.645555,1309.19033,632.0729304,Path,,GO
11,1196.368416,1320.1606,627.754957,Path,,GO
11,1186.286496,1323.151173,626.7055585,Path,,GO
11,1181.943529,1323.716001,626.6055815,Path,,GO
11,1178.183541,1323.54364,626.8448765,Path,,GO
11,1173.553285,1322.16164,627.6131659,Path,,GO
11,1168.603793,1319.684787,628.7505372,Path,,GO
11,1158.34109,1312.665473,631.6524427,Path,,GO
11,1148.583404,1304.9236,634.5904277,Path,,GO
11,1140.518707,1298.897072,636.6043266,Path,,GO
11,1114.254855,1285.08384,638.1617937,Path,,GO
11,1101.297891,1277.087814,638.2316793,Path,,GO
11,1090.813148,1266.830522,638.924786,Path,,GO
11,1087.56135,1260.807025,639.8943627,Path,,GO
11,1085.197248,1253.265836,641.5541026,Path,,GO
11,1082.392592,1235.516481,646.1075497,Path,,GO
11,1080.920096,1217.354657,650.9120821,Path,,GO
11,1079.300677,1202.55256,654.2946548,Path,,GO
11,1073.089011,1169.662139,658.8953744,Path,,GO
11,1067.102045,1136.554941,661.1558038,Path,,GO
11,1062.187792,1103.202117,661.2904299,Path,,GO
11,1059.194261,1069.574819,659.5137399,Path,,GO
11,1058.099614,1046.222211,656.7453752,Path,,GO
11,1057.22248,1023.190218,652.418839,Path,,GO
11,1056.512918,1000.398543,646.9383396,Path,,GO
11,1055.920982,977.7668921,640.708085,Path,,GO
11,1055.396731,955.2149671,634.1322834,Path,,GO
11,1054.890222,932.6624721,627.615143,Path,,GO
11,1054.351512,910.0291109,621.5608719,Path,,GO
11,1053.730658,887.2345872,616.3736782,Path,,GO
11,1051.715346,853.2452565,610.2412287,Path,,GO
11,1050.298234,835.1917578,607.4955049,Path,,GO
11,1048.95548,816.81222,605.0330203,Path,,GO
11,1047.947581,798.3915302,602.9059538,Path,,GO
11,1047.535032,780.2145759,601.1664846,Path,,GO
11,1049.537972,745.7314228,599.0590533,Path,,GO
11,1055.529692,717.3428105,598.7764708,Path,,GO
11,1064.594272,688.7904328,599.1673597,Path,,GO
11,1074.760103,660.5801192,599.2762207,Path,,GO
11,1084.055577,633.2176994,598.1475546,Path,,GO
11,1090.083873,613.733973,596.730487,Path,,GO
11,1096.219966,594.261343,595.4531577,Path,,GO
11,1102.455638,574.8041503,594.2645331,Path,,GO
11,1108.78267,555.3667359,593.1135799,Path,,GO
11,1115.192844,535.9534406,591.9492645,Path,,GO
11,1121.677941,516.5686054,590.7205535,Path,,GO
11,1128.229744,497.2165713,589.3764135,Path,,GO
11,1134.840035,477.9016791,587.865811,Path,,GO
11,1141.500593,458.6282699,586.1377126,Path,,GO
11,1148.203203,439.4006845,584.1410847,Path,,GO
11,1154.939644,420.2232639,581.8248939,Path,,GO
11,1161.701699,401.100349,579.1381068,Path,,GO
11,1168.48115,382.0362808,576.0296899,Path,,GO
11,1175.269777,363.0354001,572.4486098,Path,,GO
11,1182.059364,344.102048,568.3438329,Path,,GO
11,1188.841691,325.2405654,563.6643259,Path,,GO
12,950.7231869,3253.174029,0,,,
12,1163.282216,2813.226272,0,,,
12,1306.63598,2486.972878,0,,,
12,1459.87621,2131.060086,0,,,
12,1568.627341,1943.217223,0,,,
12,1726.810804,1686.169095,0,,,
12,2028.348031,1157.243139,0,,,
12,2260.679993,771.670947,0,,,
12,2349.658191,554.1686848,0,,,
12,2413.920223,351.4961223,0,,,
13,803.5946346,497.2190157,427.2998534,Point,Contact visible in small slip scarp,IB
14,2044.682291,913.57064,437.5909117,Point,Contact visible in small slip scarp,IB
15,1935.343026,1738.448022,195.458928,Point,,IB
16,2257.870728,1769.495085,122.8326862,Point,,IB
17,3142.107428,2831.415566,479.98477,Point,,IB
18,658.864477,2590.446664,530.5469474,Point,Check 2024 aerial when available,IB
19,731.9500153,2505.723969,555.6569488,Point,Check 2024 aerial when available,IB
20,820.3368582,1974.280279,522.199309,Point,Check 2024 aerial when available,IB
